Voter,Type,Gender,Party
v1,domestic,M,Republican
v2,domestic,M,Democratic
v3,UOCAVA,F,Republican
v4,domestic,F,Democratic
v5,domestic,M,Democratic
v6,domestic,F,Democratic
v7,domestic,F,Republican
v8,domestic,M,Republican
v9,domestic,F,Democratic
v10,domestic,M,Democratic
v11,domestic,M,Republican
v12,domestic,F,Democratic
v13,UOCAVA,M,Democratic
v14,domestic,F,Republican
v15,domestic,M,Democratic
v16,domestic,F,Democratic
v17,domestic,M,Democratic
v18,domestic,M,Democratic
v19,domestic,F,Republican
v20,domestic,F,Republican
v21,domestic,M,Republican
v22,domestic,F,Republican
v23,domestic,F,Democratic
v24,domestic,M,Green
v25,domestic,F,Democratic
v26,domestic,F,Republican
v27,domestic,M,Republican
v28,domestic,M,Republican
v29,domestic,F,Democratic
v30,domestic,M,Republican
v31,domestic,M,Republican
v32,domestic,F,Democratic
v33,domestic,F,Democratic
v34,domestic,F,Democratic
v35,domestic,F,Republican
v36,domestic,F,Democratic
v37,domestic,F,Democratic
v38,domestic,F,Republican
v39,domestic,F,Democratic
v40,UOCAVA,M,Republican
v41,domestic,F,Democratic
v42,domestic,M,Republican
v43,domestic,F,Democratic
v44,domestic,F,Democratic
v45,domestic,M,Democratic
v46,UOCAVA,F,Democratic
v47,UOCAVA,M,Republican
v48,domestic,M,Democratic
v49,domestic,M,Democratic
v50,domestic,F,Republican
v51,domestic,M,Republican
v52,domestic,M,Democratic
v53,domestic,F,Republican
v54,domestic,F,Democratic
v55,domestic,M,Republican
v56,domestic,F,Republican
v57,domestic,F,Democratic
v58,domestic,M,Republican
v59,domestic,F,Republican
v60,domestic,M,Green
v61,domestic,M,Democratic
v62,domestic,M,Republican
v63,domestic,M,Democratic
v64,domestic,F,Democratic
v65,domestic,F,Democratic
v66,domestic,M,Democratic
v67,domestic,M,Republican
v68,domestic,F,Democratic
v69,UOCAVA,M,Republican
v70,UOCAVA,F,Republican
v71,domestic,F,Democratic
v72,domestic,M,Republican
v73,domestic,M,Democratic
v74,domestic,F,Republican
v75,domestic,M,Republican
v76,domestic,F,Democratic
v77,domestic,F,Republican
v78,domestic,M,Democratic
v79,domestic,F,Republican
v80,domestic,F,Green
v81,domestic,M,Republican
v82,domestic,F,Republican
v83,domestic,M,Republican
v84,domestic,F,Democratic
v85,domestic,M,Republican
v86,domestic,F,Republican
v87,domestic,M,Green
v88,domestic,M,Republican
v89,domestic,M,Republican
v90,domestic,F,Democratic
v91,domestic,M,Republican
v92,domestic,F,Republican
v93,domestic,M,Democratic
v94,domestic,M,Republican
v95,domestic,M,Democratic
v96,domestic,F,Green
v97,domestic,M,Republican
v98,domestic,F,Green
v99,domestic,F,Democratic
v100,domestic,F,Democratic
v101,domestic,M,Green
v102,domestic,F,Democratic
v103,domestic,F,Democratic
v104,domestic,M,Republican
v105,domestic,F,Republican
v106,domestic,F,Democratic
v107,domestic,M,Democratic
v108,domestic,M,Republican
v109,domestic,F,Republican
v110,domestic,M,Green
v111,domestic,M,Republican
v112,domestic,F,Democratic
v113,domestic,F,Green
v114,domestic,M,Republican
v115,domestic,M,Republican
v116,domestic,M,Democratic
v117,domestic,F,Democratic
v118,domestic,F,Democratic
v119,domestic,F,Republican
v120,domestic,M,Democratic
v121,domestic,F,Democratic
v122,UOCAVA,F,Republican
v123,domestic,F,Green
v124,domestic,M,Green
v125,UOCAVA,M,Republican
v126,domestic,M,Green
v127,domestic,F,Republican
v128,domestic,M,Democratic
v129,domestic,M,Green
v130,domestic,F,Republican
v131,domestic,F,Republican
v132,domestic,M,Republican
v133,domestic,M,Democratic
v134,domestic,M,Republican
v135,domestic,M,Republican
v136,domestic,M,Democratic
v137,domestic,M,Republican
v138,domestic,M,Democratic
v139,domestic,F,Republican
v140,domestic,M,Green
v141,domestic,M,Democratic
v142,domestic,M,Republican
v143,domestic,F,Republican
v144,domestic,F,Democratic
v145,UOCAVA,F,Democratic
v146,UOCAVA,F,Republican
v147,domestic,M,Democratic
v148,domestic,M,Republican
v149,domestic,M,Republican
v150,domestic,M,Democratic
v151,domestic,M,Republican
v152,domestic,F,Republican
v153,domestic,M,Democratic
v154,domestic,M,Democratic
v155,domestic,M,Republican
v156,domestic,F,Republican
v157,domestic,M,Democratic
v158,domestic,F,Green
v159,domestic,F,Green
v160,domestic,F,Republican
v161,domestic,M,Democratic
v162,domestic,F,Republican
v163,domestic,F,Republican
v164,domestic,M,Republican
v165,domestic,F,Democratic
v166,domestic,M,Republican
v167,domestic,F,Republican
v168,domestic,M,Democratic
v169,domestic,F,Republican
v170,domestic,F,Republican
v171,domestic,M,Democratic
v172,UOCAVA,M,Democratic
v173,domestic,M,Democratic
v174,domestic,M,Democratic
v175,domestic,F,Republican
v176,domestic,F,Democratic
v177,domestic,M,Democratic
v178,domestic,F,Republican
v179,domestic,F,Republican
v180,UOCAVA,F,Democratic
v181,domestic,M,Democratic
v182,domestic,M,Republican
v183,domestic,M,Republican
v184,domestic,F,Republican
v185,domestic,M,Green
v186,domestic,M,Democratic
v187,domestic,M,Democratic
v188,domestic,F,Republican
v189,domestic,F,Democratic
v190,domestic,F,Republican
v191,domestic,F,Republican
v192,domestic,M,Green
v193,domestic,F,Democratic
v194,UOCAVA,M,Republican
v195,domestic,F,Republican
v196,domestic,F,Republican
v197,domestic,F,Green
v198,domestic,F,Green
v199,domestic,F,Republican
v200,domestic,F,Republican
v201,domestic,M,Democratic
v202,domestic,F,Democratic
v203,domestic,F,Democratic
v204,UOCAVA,M,Republican
v205,domestic,F,Democratic
v206,domestic,M,Republican
v207,domestic,F,Democratic
v208,UOCAVA,F,Democratic
v209,domestic,M,Republican
v210,domestic,M,Republican
v211,domestic,F,Democratic
v212,domestic,M,Republican
v213,domestic,F,Republican
v214,domestic,F,Republican
v215,domestic,M,Republican
v216,domestic,F,Republican
v217,domestic,F,Republican
v218,domestic,F,Republican
v219,domestic,F,Republican
v220,domestic,M,Democratic
v221,domestic,M,Democratic
v222,domestic,M,Republican
v223,domestic,M,Democratic
v224,domestic,M,Republican
v225,domestic,M,Democratic
v226,domestic,M,Democratic
v227,UOCAVA,M,Democratic
v228,domestic,F,Republican
v229,UOCAVA,F,Republican
v230,domestic,M,Republican
v231,domestic,F,Republican
v232,domestic,F,Republican
v233,UOCAVA,F,Republican
v234,domestic,M,Republican
v235,domestic,F,Democratic
v236,domestic,M,Democratic
v237,domestic,F,Republican
v238,domestic,F,Republican
v239,UOCAVA,M,Republican
v240,domestic,M,Democratic
v241,domestic,F,Democratic
v242,domestic,F,Republican
v243,domestic,M,Republican
v244,domestic,F,Republican
v245,domestic,F,Democratic
v246,domestic,F,Republican
v247,domestic,M,Democratic
v248,domestic,M,Republican
v249,domestic,F,Republican
v250,domestic,M,Democratic
v251,domestic,F,Republican
v252,domestic,M,Democratic
v253,domestic,F,Republican
v254,domestic,M,Democratic
v255,UOCAVA,M,Democratic
v256,domestic,M,Democratic
v257,domestic,F,Republican
v258,domestic,M,Democratic
v259,domestic,M,Republican
v260,domestic,M,Republican
v261,domestic,M,Democratic
v262,UOCAVA,M,Republican
v263,domestic,F,Democratic
v264,domestic,M,Republican
v265,domestic,F,Republican
v266,domestic,M,Republican
v267,domestic,F,Democratic
v268,domestic,F,Democratic
v269,domestic,F,Democratic
v270,domestic,M,Democratic
v271,domestic,F,Republican
v272,UOCAVA,F,Democratic
v273,UOCAVA,F,Democratic
v274,domestic,M,Democratic
v275,domestic,F,Democratic
v276,domestic,F,Republican
v277,domestic,F,Republican
v278,domestic,F,Republican
v279,domestic,M,Democratic
v280,domestic,F,Democratic
v281,domestic,M,Democratic
v282,domestic,F,Republican
v283,domestic,F,Democratic
v284,domestic,F,Democratic
v285,domestic,M,Democratic
v286,domestic,F,Democratic
v287,domestic,F,Republican
v288,domestic,M,Democratic
v289,domestic,M,Democratic
v290,UOCAVA,F,Republican
v291,UOCAVA,F,Democratic
v292,domestic,M,Democratic
v293,domestic,F,Democratic
v294,domestic,F,Republican
v295,domestic,F,Republican
v296,domestic,F,Green
v297,UOCAVA,M,Democratic
v298,domestic,F,Republican
v299,domestic,F,Green
v300,domestic,M,Democratic
v301,domestic,F,Republican
v302,domestic,F,Democratic
v303,domestic,M,Republican
v304,domestic,F,Democratic
v305,domestic,M,Democratic
v306,domestic,M,Republican
v307,domestic,F,Democratic
v308,domestic,M,Democratic
v309,UOCAVA,F,Green
v310,UOCAVA,M,Republican
v311,domestic,F,Republican
v312,domestic,M,Democratic
v313,domestic,M,Republican
v314,domestic,F,Green
v315,domestic,F,Democratic
v316,UOCAVA,F,Democratic
v317,domestic,F,Democratic
v318,domestic,F,Republican
v319,domestic,M,Democratic
v320,domestic,F,Democratic
v321,domestic,M,Green
v322,domestic,M,Republican
v323,domestic,F,Republican
v324,domestic,F,Green
v325,domestic,M,Democratic
v326,domestic,F,Republican
v327,domestic,F,Green
v328,domestic,F,Democratic
v329,domestic,M,Green
v330,domestic,F,Republican
v331,UOCAVA,M,Green
v332,domestic,M,Republican
v333,domestic,F,Republican
v334,domestic,M,Republican
v335,domestic,M,Republican
v336,domestic,F,Democratic
v337,domestic,F,Democratic
v338,domestic,F,Republican
v339,domestic,F,Green
v340,domestic,F,Democratic
v341,domestic,F,Republican
v342,UOCAVA,M,Republican
v343,domestic,F,Republican
v344,domestic,F,Democratic
v345,UOCAVA,F,Republican
v346,domestic,F,Democratic
v347,domestic,M,Republican
v348,UOCAVA,F,Democratic
v349,domestic,M,Green
v350,domestic,F,Republican
v351,domestic,M,Republican
v352,domestic,M,Republican
v353,domestic,F,Republican
v354,domestic,M,Democratic
v355,domestic,F,Democratic
v356,domestic,F,Democratic
v357,domestic,M,Democratic
v358,domestic,M,Democratic
v359,domestic,M,Green
v360,domestic,F,Democratic
v361,domestic,F,Democratic
v362,domestic,M,Republican
v363,domestic,F,Republican
v364,domestic,M,Democratic
v365,domestic,M,Republican
v366,domestic,M,Republican
v367,domestic,F,Republican
v368,domestic,M,Democratic
v369,domestic,F,Democratic
v370,domestic,F,Democratic
v371,UOCAVA,F,Green
v372,domestic,F,Green
v373,domestic,M,Republican
v374,domestic,F,Republican
v375,domestic,F,Democratic
v376,domestic,M,Republican
v377,domestic,F,Green
v378,domestic,F,Democratic
v379,domestic,M,Republican
v380,UOCAVA,F,Democratic
v381,domestic,M,Republican
v382,domestic,M,Republican
v383,domestic,F,Republican
v384,domestic,M,Democratic
v385,domestic,M,Democratic
v386,domestic,F,Democratic
v387,domestic,M,Republican
v388,UOCAVA,M,Republican
v389,domestic,M,Democratic
v390,domestic,M,Green
v391,domestic,M,Democratic
v392,domestic,M,Republican
v393,domestic,F,Republican
v394,UOCAVA,F,Democratic
v395,UOCAVA,F,Republican
v396,domestic,F,Democratic
v397,domestic,M,Democratic
v398,domestic,M,Republican
v399,domestic,M,Republican
v400,domestic,F,Republican
v401,domestic,F,Democratic
v402,domestic,M,Democratic
v403,domestic,F,Democratic
v404,domestic,F,Democratic
v405,domestic,F,Democratic
v406,UOCAVA,F,Republican
v407,UOCAVA,M,Republican
v408,domestic,F,Republican
v409,domestic,F,Democratic
v410,domestic,F,Republican
v411,domestic,M,Democratic
v412,UOCAVA,F,Republican
v413,domestic,F,Republican
v414,domestic,F,Democratic
v415,UOCAVA,M,Republican
v416,domestic,M,Democratic
v417,domestic,F,Republican
v418,UOCAVA,F,Republican
v419,domestic,F,Democratic
v420,UOCAVA,F,Democratic
v421,domestic,F,Democratic
v422,domestic,M,Democratic
v423,domestic,F,Democratic
v424,domestic,M,Republican
v425,domestic,F,Democratic
v426,domestic,F,Republican
v427,domestic,M,Democratic
v428,domestic,F,Democratic
v429,domestic,F,Republican
v430,UOCAVA,M,Democratic
v431,domestic,F,Republican
v432,UOCAVA,M,Democratic
v433,domestic,F,Democratic
v434,domestic,M,Republican
v435,domestic,M,Democratic
v436,domestic,M,Democratic
v437,domestic,M,Democratic
v438,domestic,M,Green
v439,domestic,M,Democratic
v440,domestic,M,Democratic
v441,UOCAVA,F,Green
v442,domestic,F,Democratic
v443,domestic,M,Democratic
v444,UOCAVA,F,Democratic
v445,domestic,F,Democratic
v446,domestic,F,Democratic
v447,domestic,F,Republican
v448,domestic,F,Democratic
v449,domestic,M,Democratic
v450,domestic,F,Republican
v451,domestic,M,Republican
v452,domestic,M,Republican
v453,domestic,M,Republican
v454,domestic,M,Democratic
v455,domestic,M,Republican
v456,domestic,F,Democratic
v457,domestic,M,Republican
v458,domestic,F,Republican
v459,domestic,F,Republican
v460,domestic,F,Democratic
v461,domestic,M,Republican
v462,UOCAVA,M,Republican
v463,domestic,M,Democratic
v464,domestic,M,Democratic
v465,domestic,M,Green
v466,domestic,F,Democratic
v467,UOCAVA,F,Republican
v468,domestic,F,Democratic
v469,UOCAVA,F,Green
v470,domestic,M,Democratic
v471,domestic,F,Republican
v472,UOCAVA,M,Democratic
v473,domestic,M,Democratic
v474,domestic,F,Republican
v475,domestic,F,Republican
v476,domestic,M,Republican
v477,domestic,M,Green
v478,domestic,F,Republican
v479,UOCAVA,F,Democratic
v480,domestic,F,Democratic
v481,UOCAVA,F,Green
v482,domestic,M,Republican
v483,domestic,F,Democratic
v484,domestic,M,Republican
v485,domestic,F,Democratic
v486,domestic,F,Republican
v487,domestic,M,Republican
v488,domestic,M,Republican
v489,domestic,F,Republican
v490,domestic,M,Democratic
v491,domestic,M,Republican
v492,domestic,F,Republican
v493,domestic,F,Democratic
v494,domestic,F,Democratic
v495,domestic,M,Republican
v496,domestic,F,Democratic
v497,domestic,M,Democratic
v498,domestic,F,Republican
v499,domestic,M,Democratic
v500,domestic,M,Republican
v501,domestic,M,Republican
v502,domestic,M,Republican
v503,UOCAVA,F,Democratic
v504,domestic,F,Republican
v505,domestic,M,Republican
v506,domestic,F,Democratic
v507,domestic,M,Democratic
v508,domestic,M,Democratic
v509,domestic,F,Democratic
v510,domestic,M,Democratic
v511,domestic,F,Green
v512,domestic,M,Democratic
v513,domestic,M,Republican
v514,domestic,F,Democratic
v515,domestic,F,Green
v516,domestic,M,Democratic
v517,domestic,F,Republican
v518,domestic,M,Republican
v519,domestic,M,Democratic
v520,domestic,M,Democratic
v521,UOCAVA,F,Republican
v522,domestic,M,Democratic
v523,domestic,F,Democratic
v524,domestic,F,Democratic
v525,domestic,M,Republican
v526,domestic,F,Democratic
v527,domestic,M,Republican
v528,domestic,M,Democratic
v529,domestic,M,Democratic
v530,domestic,F,Republican
v531,UOCAVA,M,Democratic
v532,domestic,F,Republican
v533,UOCAVA,M,Republican
v534,domestic,M,Republican
v535,domestic,M,Republican
v536,UOCAVA,M,Democratic
v537,domestic,M,Democratic
v538,domestic,F,Democratic
v539,UOCAVA,F,Republican
v540,domestic,M,Republican
v541,domestic,F,Republican
v542,domestic,M,Republican
v543,domestic,F,Democratic
v544,domestic,M,Democratic
v545,domestic,F,Democratic
v546,domestic,F,Democratic
v547,domestic,F,Democratic
v548,domestic,M,Democratic
v549,domestic,M,Democratic
v550,domestic,M,Green
v551,domestic,F,Green
v552,domestic,F,Republican
v553,domestic,M,Democratic
v554,domestic,M,Democratic
v555,domestic,F,Republican
v556,domestic,F,Green
v557,domestic,F,Republican
v558,domestic,M,Democratic
v559,domestic,F,Democratic
v560,domestic,M,Democratic
v561,domestic,M,Democratic
v562,domestic,F,Democratic
v563,domestic,F,Republican
v564,domestic,F,Democratic
v565,domestic,F,Green
v566,domestic,F,Democratic
v567,domestic,F,Democratic
v568,domestic,M,Republican
v569,domestic,M,Republican
v570,domestic,F,Republican
v571,domestic,F,Democratic
v572,domestic,F,Republican
v573,domestic,M,Green
v574,UOCAVA,F,Republican
v575,domestic,M,Democratic
v576,UOCAVA,M,Democratic
v577,domestic,F,Republican
v578,domestic,F,Democratic
v579,domestic,F,Democratic
v580,domestic,M,Democratic
v581,domestic,F,Republican
v582,domestic,F,Republican
v583,domestic,F,Democratic
v584,domestic,M,Democratic
v585,domestic,M,Republican
v586,domestic,F,Green
v587,domestic,M,Green
v588,domestic,F,Democratic
v589,domestic,F,Democratic
v590,domestic,F,Republican
v591,domestic,F,Republican
v592,domestic,F,Democratic
v593,domestic,F,Green
v594,domestic,M,Republican
v595,domestic,F,Republican
v596,domestic,M,Green
v597,domestic,F,Republican
v598,domestic,F,Republican
v599,domestic,F,Democratic
v600,domestic,F,Republican
v601,domestic,M,Democratic
v602,domestic,F,Green
v603,domestic,F,Republican
v604,UOCAVA,F,Republican
v605,domestic,M,Republican
v606,domestic,M,Democratic
v607,domestic,M,Democratic
v608,domestic,F,Democratic
v609,domestic,F,Republican
v610,UOCAVA,F,Green
v611,domestic,F,Democratic
v612,domestic,M,Democratic
v613,domestic,F,Green
v614,UOCAVA,M,Republican
v615,domestic,M,Green
v616,domestic,M,Republican
v617,domestic,F,Democratic
v618,domestic,M,Republican
v619,domestic,F,Democratic
v620,domestic,M,Republican
v621,domestic,M,Democratic
v622,domestic,M,Green
v623,domestic,M,Republican
v624,domestic,F,Democratic
v625,domestic,F,Green
v626,domestic,M,Democratic
v627,domestic,F,Republican
v628,domestic,F,Democratic
v629,UOCAVA,F,Republican
v630,domestic,F,Green
v631,domestic,M,Democratic
v632,domestic,M,Green
v633,UOCAVA,M,Democratic
v634,domestic,M,Republican
v635,domestic,F,Republican
v636,domestic,M,Democratic
v637,domestic,F,Democratic
v638,domestic,F,Democratic
v639,domestic,F,Republican
v640,domestic,M,Democratic
v641,domestic,M,Democratic
v642,domestic,M,Democratic
v643,UOCAVA,M,Democratic
v644,domestic,F,Republican
v645,domestic,M,Democratic
v646,domestic,M,Democratic
v647,domestic,M,Democratic
v648,domestic,F,Democratic
v649,domestic,M,Democratic
v650,UOCAVA,F,Republican
v651,domestic,F,Republican
v652,domestic,F,Green
v653,domestic,M,Republican
v654,domestic,M,Republican
v655,domestic,M,Democratic
v656,UOCAVA,F,Democratic
v657,domestic,M,Republican
v658,domestic,F,Republican
v659,domestic,M,Green
v660,domestic,M,Republican
v661,domestic,F,Green
v662,domestic,M,Democratic
v663,domestic,M,Democratic
v664,domestic,F,Democratic
v665,domestic,F,Republican
v666,domestic,M,Republican
v667,domestic,F,Democratic
v668,domestic,F,Republican
v669,domestic,F,Democratic
v670,domestic,M,Republican
v671,UOCAVA,F,Green
v672,domestic,M,Republican
v673,domestic,F,Green
v674,UOCAVA,M,Green
v675,domestic,M,Democratic
v676,domestic,F,Democratic
v677,domestic,F,Republican
v678,domestic,M,Democratic
v679,domestic,M,Democratic
v680,domestic,M,Democratic
v681,domestic,F,Democratic
v682,UOCAVA,F,Democratic
v683,domestic,F,Republican
v684,domestic,F,Republican
v685,domestic,F,Democratic
v686,domestic,F,Republican
v687,domestic,F,Democratic
v688,domestic,F,Democratic
v689,domestic,F,Republican
v690,domestic,F,Republican
v691,domestic,M,Democratic
v692,domestic,M,Democratic
v693,UOCAVA,M,Green
v694,UOCAVA,M,Republican
v695,domestic,F,Republican
v696,domestic,M,Democratic
v697,domestic,F,Republican
v698,domestic,F,Republican
v699,UOCAVA,F,Republican
v700,domestic,F,Republican
v701,domestic,F,Democratic
v702,domestic,F,Democratic
v703,domestic,M,Republican
v704,domestic,M,Democratic
v705,UOCAVA,M,Republican
v706,domestic,F,Republican
v707,UOCAVA,F,Republican
v708,domestic,F,Republican
v709,domestic,F,Republican
v710,domestic,M,Democratic
v711,domestic,F,Democratic
v712,domestic,M,Democratic
v713,domestic,M,Republican
v714,domestic,F,Republican
v715,domestic,F,Democratic
v716,domestic,M,Democratic
v717,domestic,M,Democratic
v718,domestic,M,Democratic
v719,domestic,M,Republican
v720,domestic,M,Democratic
v721,domestic,M,Republican
v722,domestic,M,Green
v723,domestic,M,Democratic
v724,domestic,F,Democratic
v725,domestic,F,Democratic
v726,domestic,M,Republican
v727,domestic,F,Democratic
v728,domestic,M,Republican
v729,domestic,M,Green
v730,domestic,F,Republican
v731,domestic,M,Democratic
v732,UOCAVA,F,Democratic
v733,domestic,F,Democratic
v734,domestic,F,Republican
v735,domestic,M,Republican
v736,domestic,F,Republican
v737,domestic,F,Republican
v738,domestic,M,Republican
v739,domestic,M,Democratic
v740,domestic,F,Democratic
v741,domestic,F,Republican
v742,domestic,M,Democratic
v743,domestic,M,Republican
v744,UOCAVA,F,Democratic
v745,UOCAVA,M,Republican
v746,domestic,F,Republican
v747,UOCAVA,F,Democratic
v748,UOCAVA,M,Republican
v749,domestic,F,Democratic
v750,domestic,F,Green
v751,domestic,M,Republican
v752,UOCAVA,M,Republican
v753,domestic,F,Democratic
v754,domestic,M,Democratic
v755,domestic,M,Democratic
v756,domestic,F,Republican
v757,UOCAVA,F,Democratic
v758,domestic,F,Green
v759,domestic,F,Democratic
v760,UOCAVA,F,Democratic
v761,domestic,M,Democratic
v762,domestic,M,Democratic
v763,domestic,F,Republican
v764,domestic,F,Green
v765,domestic,M,Republican
v766,domestic,M,Democratic
v767,domestic,F,Democratic
v768,UOCAVA,M,Democratic
v769,domestic,F,Democratic
v770,domestic,M,Democratic
v771,domestic,M,Democratic
v772,domestic,F,Republican
v773,domestic,M,Democratic
v774,domestic,F,Green
v775,domestic,M,Green
v776,domestic,M,Republican
v777,domestic,M,Democratic
v778,domestic,M,Democratic
v779,domestic,F,Republican
v780,domestic,F,Democratic
v781,domestic,F,Democratic
v782,domestic,F,Republican
v783,domestic,F,Democratic
v784,domestic,M,Democratic
v785,domestic,M,Republican
v786,domestic,F,Democratic
v787,domestic,M,Republican
v788,UOCAVA,M,Republican
v789,domestic,F,Democratic
v790,domestic,M,Democratic
v791,domestic,F,Republican
v792,domestic,M,Republican
v793,UOCAVA,M,Green
v794,domestic,M,Democratic
v795,domestic,F,Democratic
v796,domestic,F,Republican
v797,domestic,M,Republican
v798,domestic,M,Republican
v799,domestic,F,Green
v800,domestic,F,Democratic
v801,domestic,M,Democratic
v802,domestic,M,Democratic
v803,domestic,M,Republican
v804,domestic,M,Democratic
v805,domestic,F,Republican
v806,domestic,M,Republican
v807,domestic,M,Democratic
v808,UOCAVA,F,Republican
v809,domestic,F,Green
v810,domestic,M,Republican
v811,domestic,F,Republican
v812,domestic,F,Democratic
v813,domestic,F,Green
v814,domestic,F,Republican
v815,domestic,M,Republican
v816,domestic,F,Democratic
v817,domestic,M,Green
v818,domestic,M,Democratic
v819,domestic,M,Democratic
v820,domestic,F,Democratic
v821,domestic,F,Republican
v822,domestic,M,Democratic
v823,domestic,F,Democratic
v824,domestic,M,Democratic
v825,domestic,F,Republican
v826,UOCAVA,F,Republican
v827,domestic,M,Republican
v828,domestic,F,Republican
v829,domestic,F,Democratic
v830,domestic,M,Democratic
v831,UOCAVA,M,Republican
v832,domestic,M,Democratic
v833,domestic,F,Democratic
v834,domestic,F,Democratic
v835,domestic,M,Democratic
v836,domestic,M,Democratic
v837,domestic,M,Democratic
v838,domestic,F,Republican
v839,domestic,F,Democratic
v840,domestic,M,Green
v841,domestic,F,Green
v842,domestic,F,Republican
v843,domestic,F,Republican
v844,UOCAVA,M,Democratic
v845,domestic,F,Democratic
v846,UOCAVA,M,Republican
v847,domestic,F,Green
v848,domestic,F,Democratic
v849,UOCAVA,M,Republican
v850,domestic,F,Democratic
v851,domestic,F,Democratic
v852,domestic,M,Democratic
v853,domestic,F,Republican
v854,domestic,F,Republican
v855,domestic,M,Democratic
v856,domestic,F,Republican
v857,domestic,F,Democratic
v858,domestic,F,Green
v859,domestic,F,Democratic
v860,domestic,M,Republican
v861,domestic,F,Republican
v862,domestic,F,Republican
v863,domestic,M,Democratic
v864,domestic,M,Democratic
v865,domestic,M,Republican
v866,domestic,F,Democratic
v867,domestic,F,Democratic
v868,domestic,F,Republican
v869,domestic,M,Green
v870,domestic,F,Democratic
v871,domestic,F,Democratic
v872,domestic,F,Democratic
v873,domestic,F,Republican
v874,domestic,M,Republican
v875,domestic,M,Republican
v876,domestic,F,Republican
v877,domestic,F,Republican
v878,UOCAVA,F,Democratic
v879,domestic,M,Democratic
v880,UOCAVA,M,Republican
v881,UOCAVA,F,Republican
v882,domestic,M,Green
v883,domestic,F,Green
v884,domestic,F,Democratic
v885,domestic,M,Republican
v886,domestic,M,Democratic
v887,UOCAVA,M,Democratic
v888,domestic,F,Democratic
v889,domestic,F,Republican
v890,domestic,F,Republican
v891,domestic,M,Democratic
v892,domestic,M,Democratic
v893,domestic,F,Republican
v894,domestic,M,Democratic
v895,domestic,M,Democratic
v896,domestic,F,Democratic
v897,domestic,M,Democratic
v898,domestic,F,Green
v899,domestic,F,Democratic
v900,UOCAVA,F,Republican
v901,domestic,F,Republican
v902,domestic,M,Republican
v903,domestic,F,Democratic
v904,domestic,M,Republican
v905,domestic,F,Democratic
v906,domestic,M,Green
v907,domestic,F,Republican
v908,domestic,F,Democratic
v909,domestic,F,Republican
v910,domestic,M,Democratic
v911,domestic,M,Republican
v912,domestic,F,Republican
v913,domestic,F,Republican
v914,domestic,F,Republican
v915,domestic,F,Democratic
v916,domestic,F,Green
v917,domestic,F,Republican
v918,domestic,F,Green
v919,domestic,F,Republican
v920,domestic,F,Republican
v921,domestic,F,Democratic
v922,domestic,M,Republican
v923,domestic,F,Democratic
v924,domestic,F,Democratic
v925,domestic,M,Democratic
v926,domestic,F,Republican
v927,UOCAVA,M,Democratic
v928,domestic,F,Green
v929,domestic,M,Green
v930,domestic,F,Democratic
v931,domestic,F,Democratic
v932,domestic,M,Republican
v933,domestic,M,Republican
v934,domestic,M,Republican
v935,domestic,M,Democratic
v936,UOCAVA,F,Democratic
v937,domestic,F,Republican
v938,domestic,M,Republican
v939,domestic,F,Republican
v940,domestic,F,Republican
v941,domestic,M,Green
v942,UOCAVA,F,Democratic
v943,domestic,M,Republican
v944,domestic,F,Democratic
v945,domestic,M,Republican
v946,domestic,M,Republican
v947,domestic,F,Green
v948,domestic,M,Democratic
v949,domestic,F,Democratic
v950,domestic,F,Republican
v951,domestic,F,Green
v952,domestic,F,Republican
v953,domestic,M,Democratic
v954,domestic,F,Democratic
v955,domestic,F,Democratic
v956,domestic,M,Democratic
v957,domestic,F,Republican
v958,UOCAVA,M,Green
v959,domestic,F,Republican
v960,domestic,F,Democratic
v961,domestic,F,Republican
v962,domestic,F,Democratic
v963,domestic,F,Democratic
v964,domestic,M,Republican
v965,domestic,F,Republican
v966,domestic,M,Republican
v967,domestic,F,Democratic
v968,domestic,F,Republican
v969,domestic,M,Democratic
v970,domestic,F,Republican
v971,domestic,M,Democratic
v972,domestic,M,Republican
v973,domestic,M,Republican
v974,domestic,F,Green
v975,domestic,F,Republican
v976,domestic,M,Republican
v977,domestic,F,Republican
v978,domestic,M,Republican
v979,domestic,M,Democratic
v980,domestic,M,Republican
v981,domestic,F,Democratic
v982,domestic,F,Democratic
v983,domestic,M,Democratic
v984,domestic,F,Democratic
v985,domestic,F,Green
v986,domestic,F,Democratic
v987,domestic,M,Democratic
v988,domestic,F,Republican
v989,domestic,F,Republican
v990,domestic,M,Republican
v991,domestic,M,Republican
v992,domestic,M,Green
v993,domestic,F,Republican
v994,domestic,M,Democratic
v995,domestic,M,Democratic
v996,domestic,F,Republican
v997,domestic,F,Green
v998,domestic,M,Republican
v999,domestic,F,Republican
v1000,domestic,F,Republican
v1001,domestic,M,Democratic
v1002,domestic,M,Democratic
v1003,domestic,M,Democratic
v1004,domestic,F,Republican
v1005,domestic,M,Democratic
v1006,domestic,M,Republican
v1007,domestic,M,Democratic
v1008,domestic,F,Green
v1009,domestic,F,Republican
v1010,domestic,F,Republican
v1011,domestic,F,Republican
v1012,domestic,M,Republican
v1013,domestic,M,Republican
v1014,UOCAVA,M,Democratic
v1015,domestic,M,Democratic
v1016,domestic,M,Green
v1017,domestic,F,Green
v1018,domestic,M,Green
v1019,domestic,F,Republican
v1020,domestic,M,Republican
v1021,domestic,F,Republican
v1022,domestic,M,Republican
v1023,domestic,M,Republican
v1024,domestic,M,Republican
v1025,UOCAVA,F,Green
v1026,domestic,F,Democratic
v1027,domestic,F,Green
v1028,domestic,F,Republican
v1029,domestic,M,Democratic
v1030,UOCAVA,M,Green
v1031,domestic,F,Republican
v1032,UOCAVA,M,Democratic
v1033,UOCAVA,M,Republican
v1034,domestic,F,Republican
v1035,UOCAVA,F,Republican
v1036,domestic,F,Green
v1037,domestic,F,Republican
v1038,domestic,F,Democratic
v1039,domestic,M,Republican
v1040,UOCAVA,F,Republican
v1041,domestic,M,Republican
v1042,domestic,M,Green
v1043,domestic,M,Democratic
v1044,domestic,F,Democratic
v1045,UOCAVA,F,Democratic
v1046,domestic,F,Republican
v1047,UOCAVA,F,Democratic
v1048,domestic,M,Democratic
v1049,UOCAVA,M,Democratic
v1050,domestic,M,Republican
v1051,domestic,M,Republican
v1052,domestic,M,Democratic
v1053,domestic,F,Republican
v1054,domestic,F,Democratic
v1055,domestic,F,Democratic
v1056,domestic,F,Democratic
v1057,domestic,F,Democratic
v1058,UOCAVA,M,Democratic
v1059,domestic,F,Republican
v1060,domestic,F,Republican
v1061,domestic,F,Republican
v1062,domestic,F,Republican
v1063,domestic,M,Democratic
v1064,domestic,F,Republican
v1065,domestic,M,Democratic
v1066,domestic,F,Republican
v1067,domestic,F,Republican
v1068,domestic,F,Republican
v1069,domestic,F,Republican
v1070,domestic,M,Democratic
v1071,domestic,F,Republican
v1072,domestic,F,Republican
v1073,domestic,M,Republican
v1074,domestic,F,Republican
v1075,domestic,F,Democratic
v1076,domestic,M,Democratic
v1077,domestic,M,Republican
v1078,domestic,F,Republican
v1079,domestic,M,Republican
v1080,domestic,M,Republican
v1081,domestic,M,Republican
v1082,domestic,M,Republican
v1083,domestic,F,Republican
v1084,domestic,F,Democratic
v1085,domestic,F,Green
v1086,domestic,F,Democratic
v1087,domestic,F,Republican
v1088,domestic,F,Democratic
v1089,domestic,F,Republican
v1090,domestic,M,Republican
v1091,domestic,F,Democratic
v1092,domestic,F,Republican
v1093,domestic,F,Democratic
v1094,domestic,M,Republican
v1095,UOCAVA,F,Democratic
v1096,domestic,F,Republican
v1097,domestic,F,Green
v1098,domestic,M,Republican
v1099,domestic,F,Republican
v1100,domestic,M,Democratic
v1101,domestic,M,Democratic
v1102,domestic,M,Democratic
v1103,domestic,M,Republican
v1104,domestic,F,Democratic
v1105,domestic,M,Democratic
v1106,domestic,F,Republican
v1107,domestic,M,Green
v1108,domestic,F,Democratic
v1109,domestic,M,Republican
v1110,domestic,M,Republican
v1111,domestic,F,Democratic
v1112,domestic,M,Republican
v1113,domestic,M,Democratic
v1114,UOCAVA,M,Republican
v1115,domestic,M,Republican
v1116,domestic,F,Green
v1117,domestic,F,Republican
v1118,domestic,M,Republican
v1119,domestic,F,Republican
v1120,domestic,M,Republican
v1121,domestic,M,Green
v1122,UOCAVA,F,Democratic
v1123,domestic,F,Republican
v1124,domestic,F,Republican
v1125,domestic,M,Republican
v1126,domestic,F,Democratic
v1127,domestic,M,Democratic
v1128,domestic,F,Democratic
v1129,domestic,F,Republican
v1130,UOCAVA,M,Democratic
v1131,domestic,F,Democratic
v1132,UOCAVA,M,Republican
v1133,domestic,F,Democratic
v1134,domestic,M,Democratic
v1135,domestic,F,Democratic
v1136,domestic,M,Green
v1137,domestic,F,Democratic
v1138,domestic,F,Green
v1139,domestic,F,Democratic
v1140,domestic,F,Democratic
v1141,domestic,M,Democratic
v1142,domestic,F,Democratic
v1143,domestic,F,Republican
v1144,domestic,M,Democratic
v1145,domestic,M,Republican
v1146,domestic,M,Democratic
v1147,domestic,F,Republican
v1148,domestic,F,Green
v1149,domestic,F,Democratic
v1150,domestic,F,Republican
v1151,domestic,M,Republican
v1152,domestic,M,Democratic
v1153,domestic,F,Democratic
v1154,domestic,F,Democratic
v1155,domestic,M,Republican
v1156,domestic,M,Republican
v1157,domestic,M,Republican
v1158,domestic,M,Republican
v1159,domestic,F,Green
v1160,domestic,M,Republican
v1161,domestic,M,Democratic
v1162,UOCAVA,M,Democratic
v1163,domestic,F,Republican
v1164,domestic,M,Republican
v1165,UOCAVA,M,Republican
v1166,UOCAVA,M,Republican
v1167,domestic,F,Republican
v1168,domestic,F,Democratic
v1169,domestic,M,Democratic
v1170,domestic,F,Democratic
v1171,domestic,M,Republican
v1172,domestic,F,Democratic
v1173,domestic,F,Democratic
v1174,domestic,F,Democratic
v1175,domestic,F,Democratic
v1176,domestic,F,Republican
v1177,domestic,M,Democratic
v1178,domestic,M,Democratic
v1179,domestic,M,Republican
v1180,domestic,M,Democratic
v1181,UOCAVA,M,Democratic
v1182,domestic,M,Republican
v1183,domestic,M,Republican
v1184,domestic,M,Democratic
v1185,domestic,F,Green
v1186,domestic,F,Democratic
v1187,UOCAVA,M,Democratic
v1188,domestic,M,Green
v1189,domestic,F,Republican
v1190,domestic,F,Democratic
v1191,domestic,F,Democratic
v1192,domestic,M,Democratic
v1193,domestic,F,Republican
v1194,domestic,M,Republican
v1195,UOCAVA,M,Democratic
v1196,domestic,F,Republican
v1197,domestic,M,Green
v1198,UOCAVA,M,Democratic
v1199,domestic,M,Green
v1200,domestic,F,Green
v1201,domestic,M,Republican
v1202,domestic,F,Republican
v1203,domestic,F,Democratic
v1204,UOCAVA,F,Democratic
v1205,domestic,M,Democratic
v1206,domestic,F,Democratic
v1207,domestic,M,Democratic
v1208,domestic,F,Republican
v1209,domestic,M,Democratic
v1210,domestic,F,Democratic
v1211,domestic,F,Democratic
v1212,domestic,F,Democratic
v1213,domestic,F,Republican
v1214,domestic,F,Democratic
v1215,domestic,M,Democratic
v1216,domestic,M,Republican
v1217,domestic,M,Democratic
v1218,domestic,M,Democratic
v1219,domestic,M,Democratic
v1220,domestic,F,Green
v1221,domestic,F,Democratic
v1222,domestic,M,Republican
v1223,domestic,F,Republican
v1224,domestic,M,Democratic
v1225,domestic,F,Republican
v1226,domestic,M,Republican
v1227,domestic,F,Democratic
v1228,domestic,F,Democratic
v1229,domestic,F,Republican
v1230,domestic,F,Republican
v1231,UOCAVA,M,Republican
v1232,domestic,F,Republican
v1233,domestic,F,Democratic
v1234,domestic,F,Democratic
v1235,UOCAVA,F,Democratic
v1236,domestic,M,Democratic
v1237,domestic,F,Green
v1238,domestic,M,Republican
v1239,domestic,F,Democratic
v1240,domestic,F,Republican
v1241,domestic,F,Republican
v1242,domestic,M,Republican
v1243,domestic,M,Republican
v1244,domestic,M,Democratic
v1245,domestic,M,Republican
v1246,UOCAVA,F,Democratic
v1247,domestic,F,Democratic
v1248,domestic,M,Democratic
v1249,domestic,F,Republican
v1250,domestic,M,Democratic
v1251,domestic,F,Republican
v1252,domestic,M,Green
v1253,domestic,F,Democratic
v1254,domestic,F,Republican
v1255,domestic,F,Republican
v1256,domestic,F,Democratic
v1257,domestic,F,Democratic
v1258,domestic,F,Democratic
v1259,domestic,F,Republican
v1260,domestic,M,Republican
v1261,domestic,M,Green
v1262,domestic,M,Republican
v1263,domestic,M,Green
v1264,domestic,F,Republican
v1265,domestic,F,Republican
v1266,domestic,F,Democratic
v1267,UOCAVA,F,Democratic
v1268,domestic,M,Republican
v1269,domestic,F,Democratic
v1270,domestic,F,Republican
v1271,domestic,M,Democratic
v1272,domestic,F,Republican
v1273,domestic,M,Green
v1274,domestic,F,Democratic
v1275,domestic,F,Democratic
v1276,domestic,M,Green
v1277,domestic,F,Democratic
v1278,domestic,M,Democratic
v1279,domestic,F,Democratic
v1280,domestic,M,Democratic
v1281,domestic,F,Democratic
v1282,domestic,F,Republican
v1283,domestic,M,Republican
v1284,domestic,F,Republican
v1285,domestic,M,Democratic
v1286,domestic,M,Republican
v1287,domestic,F,Republican
v1288,domestic,F,Democratic
v1289,domestic,M,Green
v1290,UOCAVA,F,Democratic
v1291,UOCAVA,M,Republican
v1292,domestic,F,Republican
v1293,domestic,M,Green
v1294,domestic,M,Republican
v1295,domestic,M,Democratic
v1296,domestic,F,Republican
v1297,domestic,F,Republican
v1298,domestic,F,Republican
v1299,domestic,F,Republican
v1300,UOCAVA,F,Democratic
v1301,domestic,M,Republican
v1302,domestic,F,Democratic
v1303,domestic,F,Democratic
v1304,domestic,M,Republican
v1305,domestic,F,Republican
v1306,domestic,F,Democratic
v1307,domestic,F,Republican
v1308,domestic,M,Republican
v1309,domestic,M,Democratic
v1310,domestic,F,Republican
v1311,domestic,F,Republican
v1312,domestic,F,Green
v1313,domestic,F,Republican
v1314,domestic,M,Republican
v1315,domestic,F,Democratic
v1316,UOCAVA,M,Green
v1317,domestic,F,Republican
v1318,domestic,F,Democratic
v1319,domestic,M,Democratic
v1320,domestic,M,Republican
v1321,domestic,M,Democratic
v1322,domestic,M,Democratic
v1323,domestic,F,Democratic
v1324,domestic,F,Green
v1325,domestic,M,Republican
v1326,domestic,M,Republican
v1327,domestic,F,Democratic
v1328,domestic,F,Democratic
v1329,domestic,F,Democratic
v1330,domestic,F,Republican
v1331,domestic,F,Democratic
v1332,domestic,M,Democratic
v1333,domestic,F,Republican
v1334,domestic,M,Democratic
v1335,domestic,F,Green
v1336,domestic,F,Democratic
v1337,domestic,F,Republican
v1338,domestic,M,Republican
v1339,domestic,M,Republican
v1340,UOCAVA,F,Republican
v1341,domestic,M,Republican
v1342,domestic,F,Republican
v1343,domestic,M,Republican
v1344,UOCAVA,F,Republican
v1345,domestic,F,Democratic
v1346,UOCAVA,M,Republican
v1347,domestic,F,Democratic
v1348,domestic,F,Democratic
v1349,domestic,F,Republican
v1350,domestic,M,Republican
v1351,domestic,M,Republican
v1352,domestic,M,Republican
v1353,domestic,F,Democratic
v1354,domestic,M,Republican
v1355,domestic,F,Democratic
v1356,UOCAVA,F,Republican
v1357,domestic,F,Democratic
v1358,domestic,M,Republican
v1359,domestic,F,Republican
v1360,domestic,M,Republican
v1361,domestic,F,Green
v1362,domestic,F,Republican
v1363,domestic,F,Republican
v1364,domestic,F,Republican
v1365,domestic,F,Democratic
v1366,domestic,F,Democratic
v1367,domestic,M,Democratic
v1368,domestic,F,Democratic
v1369,domestic,M,Democratic
v1370,domestic,M,Democratic
v1371,domestic,M,Democratic
v1372,domestic,M,Democratic
v1373,domestic,F,Republican
v1374,domestic,F,Republican
v1375,domestic,M,Republican
v1376,domestic,F,Democratic
v1377,domestic,M,Democratic
v1378,domestic,F,Democratic
v1379,domestic,F,Republican
v1380,UOCAVA,M,Green
v1381,domestic,M,Republican
v1382,domestic,M,Democratic
v1383,domestic,F,Republican
v1384,domestic,F,Republican
v1385,domestic,M,Republican
v1386,domestic,F,Republican
v1387,domestic,F,Democratic
v1388,domestic,M,Republican
v1389,UOCAVA,F,Democratic
v1390,UOCAVA,M,Democratic
v1391,UOCAVA,M,Democratic
v1392,domestic,F,Democratic
v1393,UOCAVA,M,Green
v1394,domestic,F,Republican
v1395,domestic,F,Republican
v1396,domestic,M,Democratic
v1397,domestic,F,Democratic
v1398,domestic,M,Republican
v1399,domestic,F,Green
v1400,UOCAVA,M,Democratic
v1401,domestic,M,Republican
v1402,domestic,M,Republican
v1403,domestic,M,Democratic
v1404,domestic,F,Republican
v1405,domestic,F,Democratic
v1406,domestic,M,Republican
v1407,domestic,F,Democratic
v1408,domestic,F,Green
v1409,domestic,M,Democratic
v1410,domestic,F,Democratic
v1411,domestic,F,Republican
v1412,domestic,F,Democratic
v1413,UOCAVA,F,Democratic
v1414,UOCAVA,F,Republican
v1415,domestic,M,Republican
v1416,domestic,M,Republican
v1417,domestic,F,Republican
v1418,domestic,F,Republican
v1419,domestic,F,Republican
v1420,domestic,F,Democratic
v1421,domestic,F,Republican
v1422,domestic,F,Democratic
v1423,domestic,F,Democratic
v1424,domestic,F,Republican
v1425,domestic,M,Republican
v1426,domestic,M,Democratic
v1427,domestic,M,Republican
v1428,domestic,M,Republican
v1429,domestic,M,Republican
v1430,UOCAVA,M,Republican
v1431,UOCAVA,F,Republican
v1432,UOCAVA,F,Republican
v1433,domestic,M,Democratic
v1434,domestic,M,Democratic
v1435,domestic,M,Democratic
v1436,UOCAVA,M,Republican
v1437,domestic,M,Republican
v1438,domestic,M,Democratic
v1439,UOCAVA,M,Green
v1440,domestic,F,Republican
v1441,domestic,M,Republican
v1442,domestic,F,Republican
v1443,domestic,F,Republican
v1444,domestic,M,Republican
v1445,domestic,F,Democratic
v1446,UOCAVA,M,Democratic
v1447,domestic,F,Democratic
v1448,domestic,M,Republican
v1449,domestic,F,Democratic
v1450,domestic,M,Republican
v1451,domestic,F,Democratic
v1452,domestic,M,Democratic
v1453,domestic,F,Democratic
v1454,domestic,M,Democratic
v1455,domestic,F,Republican
v1456,domestic,M,Democratic
v1457,UOCAVA,M,Republican
v1458,domestic,M,Republican
v1459,domestic,F,Democratic
v1460,UOCAVA,F,Republican
v1461,domestic,M,Democratic
v1462,domestic,F,Democratic
v1463,UOCAVA,F,Democratic
v1464,domestic,M,Republican
v1465,domestic,F,Republican
v1466,domestic,F,Democratic
v1467,domestic,M,Republican
v1468,domestic,M,Republican
v1469,domestic,F,Republican
v1470,domestic,M,Democratic
v1471,domestic,M,Green
v1472,domestic,F,Democratic
v1473,domestic,F,Republican
v1474,domestic,M,Republican
v1475,domestic,M,Green
v1476,domestic,M,Democratic
v1477,domestic,F,Green
v1478,domestic,M,Republican
v1479,domestic,M,Democratic
v1480,domestic,F,Republican
v1481,domestic,M,Democratic
v1482,domestic,F,Republican
v1483,domestic,M,Republican
v1484,domestic,M,Republican
v1485,domestic,F,Democratic
v1486,domestic,M,Democratic
v1487,domestic,M,Republican
v1488,domestic,F,Democratic
v1489,domestic,M,Green
v1490,domestic,F,Democratic
v1491,domestic,M,Republican
v1492,domestic,F,Republican
v1493,UOCAVA,M,Republican
v1494,domestic,F,Republican
v1495,domestic,M,Democratic
v1496,domestic,F,Green
v1497,domestic,F,Green
v1498,domestic,F,Republican
v1499,domestic,M,Republican
v1500,domestic,M,Democratic
v1501,domestic,F,Republican
v1502,domestic,F,Republican
v1503,domestic,M,Democratic
v1504,UOCAVA,F,Democratic
v1505,domestic,F,Republican
v1506,domestic,M,Democratic
v1507,domestic,F,Democratic
v1508,domestic,M,Democratic
v1509,domestic,F,Democratic
v1510,domestic,F,Republican
v1511,domestic,M,Green
v1512,domestic,M,Democratic
v1513,domestic,F,Republican
v1514,UOCAVA,M,Republican
v1515,domestic,M,Republican
v1516,domestic,F,Green
v1517,domestic,M,Democratic
v1518,domestic,M,Democratic
v1519,domestic,M,Democratic
v1520,domestic,F,Democratic
v1521,UOCAVA,F,Democratic
v1522,domestic,F,Democratic
v1523,UOCAVA,M,Republican
v1524,domestic,F,Republican
v1525,domestic,F,Republican
v1526,domestic,M,Democratic
v1527,domestic,F,Republican
v1528,domestic,M,Republican
v1529,domestic,M,Democratic
v1530,domestic,F,Democratic
v1531,domestic,F,Republican
v1532,domestic,M,Republican
v1533,domestic,M,Democratic
v1534,domestic,M,Republican
v1535,domestic,M,Green
v1536,domestic,M,Democratic
v1537,domestic,F,Democratic
v1538,domestic,M,Republican
v1539,UOCAVA,M,Democratic
v1540,domestic,M,Republican
v1541,domestic,M,Democratic
v1542,domestic,F,Republican
v1543,domestic,F,Republican
v1544,domestic,M,Democratic
v1545,domestic,M,Democratic
v1546,domestic,M,Democratic
v1547,domestic,F,Republican
v1548,domestic,F,Republican
v1549,domestic,M,Republican
v1550,domestic,F,Republican
v1551,domestic,F,Republican
v1552,domestic,M,Democratic
v1553,domestic,F,Republican
v1554,UOCAVA,F,Democratic
v1555,domestic,M,Democratic
v1556,UOCAVA,F,Democratic
v1557,domestic,F,Democratic
v1558,domestic,M,Republican
v1559,domestic,M,Republican
v1560,domestic,F,Green
v1561,domestic,M,Republican
v1562,domestic,F,Green
v1563,domestic,M,Democratic
v1564,domestic,F,Republican
v1565,domestic,M,Democratic
v1566,domestic,M,Republican
v1567,domestic,F,Republican
v1568,domestic,F,Republican
v1569,domestic,F,Republican
v1570,domestic,F,Democratic
v1571,UOCAVA,M,Republican
v1572,domestic,F,Republican
v1573,domestic,F,Democratic
v1574,domestic,M,Green
v1575,UOCAVA,F,Democratic
v1576,domestic,F,Green
v1577,domestic,F,Republican
v1578,domestic,F,Republican
v1579,domestic,F,Democratic
v1580,domestic,M,Republican
v1581,domestic,M,Democratic
v1582,domestic,F,Democratic
v1583,domestic,F,Republican
v1584,domestic,F,Republican
v1585,domestic,M,Democratic
v1586,domestic,M,Republican
v1587,domestic,M,Republican
v1588,domestic,M,Democratic
v1589,domestic,M,Republican
v1590,domestic,F,Democratic
v1591,domestic,M,Republican
v1592,domestic,M,Republican
v1593,domestic,F,Democratic
v1594,domestic,M,Republican
v1595,domestic,F,Democratic
v1596,domestic,M,Democratic
v1597,domestic,F,Republican
v1598,domestic,F,Republican
v1599,domestic,M,Republican
v1600,domestic,F,Republican
v1601,domestic,F,Green
v1602,domestic,F,Republican
v1603,domestic,F,Republican
v1604,domestic,M,Democratic
v1605,domestic,F,Green
v1606,UOCAVA,M,Republican
v1607,domestic,M,Democratic
v1608,domestic,M,Republican
v1609,domestic,F,Republican
v1610,UOCAVA,F,Democratic
v1611,UOCAVA,F,Democratic
v1612,domestic,M,Republican
v1613,domestic,M,Republican
v1614,UOCAVA,F,Green
v1615,domestic,M,Republican
v1616,domestic,F,Green
v1617,domestic,F,Republican
v1618,domestic,F,Democratic
v1619,domestic,M,Republican
v1620,domestic,M,Democratic
v1621,domestic,F,Republican
v1622,domestic,M,Democratic
v1623,domestic,M,Green
v1624,domestic,F,Democratic
v1625,domestic,F,Democratic
v1626,domestic,M,Republican
v1627,domestic,F,Democratic
v1628,UOCAVA,F,Republican
v1629,domestic,M,Democratic
v1630,domestic,F,Republican
v1631,domestic,M,Democratic
v1632,domestic,F,Republican
v1633,domestic,M,Democratic
v1634,domestic,M,Republican
v1635,UOCAVA,F,Green
v1636,domestic,M,Republican
v1637,domestic,F,Republican
v1638,domestic,M,Democratic
v1639,domestic,F,Republican
v1640,domestic,F,Republican
v1641,domestic,M,Republican
v1642,domestic,F,Democratic
v1643,domestic,F,Democratic
v1644,domestic,F,Republican
v1645,domestic,M,Green
v1646,domestic,M,Republican
v1647,domestic,F,Republican
v1648,domestic,M,Republican
v1649,domestic,M,Republican
v1650,domestic,F,Democratic
v1651,domestic,M,Republican
v1652,domestic,F,Democratic
v1653,domestic,M,Green
v1654,domestic,F,Republican
v1655,domestic,F,Democratic
v1656,domestic,F,Democratic
v1657,domestic,F,Republican
v1658,domestic,F,Green
v1659,domestic,F,Democratic
v1660,domestic,F,Democratic
v1661,domestic,F,Republican
v1662,UOCAVA,F,Republican
v1663,domestic,F,Republican
v1664,domestic,F,Democratic
v1665,domestic,M,Republican
v1666,domestic,F,Democratic
v1667,domestic,F,Republican
v1668,domestic,F,Republican
v1669,domestic,M,Republican
v1670,domestic,F,Democratic
v1671,domestic,M,Republican
v1672,UOCAVA,M,Democratic
v1673,domestic,F,Republican
v1674,domestic,F,Republican
v1675,domestic,F,Democratic
v1676,domestic,M,Democratic
v1677,domestic,M,Democratic
v1678,domestic,M,Republican
v1679,domestic,M,Democratic
v1680,domestic,F,Democratic
v1681,domestic,M,Democratic
v1682,domestic,F,Republican
v1683,domestic,F,Republican
v1684,domestic,F,Republican
v1685,domestic,F,Democratic
v1686,domestic,F,Republican
v1687,domestic,M,Republican
v1688,domestic,F,Democratic
v1689,domestic,M,Democratic
v1690,domestic,M,Republican
v1691,domestic,F,Democratic
v1692,UOCAVA,M,Democratic
v1693,domestic,M,Democratic
v1694,domestic,M,Democratic
v1695,UOCAVA,F,Republican
v1696,domestic,M,Republican
v1697,domestic,M,Republican
v1698,domestic,F,Republican
v1699,domestic,M,Republican
v1700,domestic,M,Republican
v1701,domestic,M,Republican
v1702,domestic,M,Democratic
v1703,domestic,M,Republican
v1704,domestic,F,Green
v1705,UOCAVA,M,Democratic
v1706,domestic,F,Green
v1707,domestic,M,Republican
v1708,domestic,F,Democratic
v1709,domestic,F,Green
v1710,UOCAVA,M,Democratic
v1711,domestic,M,Democratic
v1712,domestic,F,Republican
v1713,domestic,M,Republican
v1714,domestic,F,Republican
v1715,domestic,F,Democratic
v1716,domestic,F,Democratic
v1717,domestic,M,Republican
v1718,domestic,F,Democratic
v1719,domestic,M,Democratic
v1720,domestic,M,Republican
v1721,domestic,M,Republican
v1722,domestic,M,Republican
v1723,domestic,F,Green
v1724,domestic,F,Democratic
v1725,domestic,F,Republican
v1726,domestic,M,Republican
v1727,domestic,M,Republican
v1728,domestic,F,Republican
v1729,domestic,M,Democratic
v1730,domestic,F,Republican
v1731,domestic,M,Republican
v1732,domestic,M,Democratic
v1733,UOCAVA,M,Democratic
v1734,domestic,M,Republican
v1735,domestic,F,Republican
v1736,domestic,F,Republican
v1737,domestic,M,Democratic
v1738,domestic,M,Republican
v1739,domestic,M,Republican
v1740,domestic,F,Green
v1741,domestic,F,Republican
v1742,domestic,M,Democratic
v1743,domestic,M,Republican
v1744,domestic,M,Democratic
v1745,domestic,F,Republican
v1746,domestic,M,Republican
v1747,domestic,F,Democratic
v1748,domestic,M,Democratic
v1749,domestic,F,Republican
v1750,domestic,F,Republican
v1751,domestic,M,Republican
v1752,domestic,M,Republican
v1753,UOCAVA,F,Democratic
v1754,domestic,M,Democratic
v1755,domestic,F,Democratic
v1756,domestic,M,Democratic
v1757,domestic,F,Republican
v1758,domestic,M,Democratic
v1759,domestic,M,Democratic
v1760,domestic,M,Republican
v1761,domestic,F,Republican
v1762,domestic,F,Republican
v1763,domestic,F,Democratic
v1764,domestic,M,Republican
v1765,domestic,M,Republican
v1766,domestic,F,Democratic
v1767,domestic,F,Republican
v1768,domestic,M,Republican
v1769,UOCAVA,F,Democratic
v1770,UOCAVA,F,Democratic
v1771,domestic,M,Green
v1772,domestic,F,Republican
v1773,domestic,F,Republican
v1774,domestic,M,Democratic
v1775,domestic,F,Democratic
v1776,domestic,F,Republican
v1777,domestic,F,Republican
v1778,domestic,F,Republican
v1779,domestic,M,Democratic
v1780,domestic,F,Democratic
v1781,domestic,M,Republican
v1782,UOCAVA,M,Republican
v1783,domestic,F,Green
v1784,domestic,M,Republican
v1785,domestic,F,Democratic
v1786,domestic,M,Democratic
v1787,domestic,M,Democratic
v1788,domestic,F,Republican
v1789,domestic,F,Democratic
v1790,domestic,M,Democratic
v1791,domestic,M,Republican
v1792,domestic,F,Republican
v1793,UOCAVA,M,Republican
v1794,domestic,F,Democratic
v1795,domestic,F,Democratic
v1796,domestic,M,Republican
v1797,domestic,M,Republican
v1798,domestic,F,Democratic
v1799,domestic,M,Republican
v1800,domestic,M,Democratic
v1801,UOCAVA,M,Republican
v1802,domestic,M,Republican
v1803,domestic,F,Democratic
v1804,domestic,M,Democratic
v1805,domestic,F,Democratic
v1806,domestic,F,Republican
v1807,domestic,F,Republican
v1808,domestic,F,Republican
v1809,domestic,F,Republican
v1810,domestic,F,Republican
v1811,domestic,F,Republican
v1812,domestic,M,Democratic
v1813,domestic,F,Democratic
v1814,domestic,M,Democratic
v1815,domestic,M,Democratic
v1816,domestic,F,Democratic
v1817,UOCAVA,M,Republican
v1818,domestic,M,Democratic
v1819,domestic,M,Republican
v1820,domestic,F,Democratic
v1821,domestic,M,Democratic
v1822,domestic,M,Republican
v1823,domestic,F,Democratic
v1824,domestic,M,Republican
v1825,domestic,F,Democratic
v1826,domestic,F,Republican
v1827,UOCAVA,F,Democratic
v1828,UOCAVA,M,Republican
v1829,UOCAVA,F,Democratic
v1830,domestic,F,Democratic
v1831,domestic,M,Republican
v1832,UOCAVA,F,Green
v1833,domestic,F,Democratic
v1834,domestic,F,Republican
v1835,domestic,F,Democratic
v1836,domestic,F,Democratic
v1837,domestic,M,Democratic
v1838,domestic,F,Democratic
v1839,domestic,F,Republican
v1840,UOCAVA,M,Republican
v1841,domestic,F,Republican
v1842,domestic,F,Republican
v1843,domestic,F,Republican
v1844,domestic,F,Democratic
v1845,UOCAVA,M,Republican
v1846,domestic,M,Democratic
v1847,domestic,F,Democratic
v1848,domestic,F,Democratic
v1849,domestic,F,Republican
v1850,domestic,F,Democratic
v1851,domestic,M,Democratic
v1852,domestic,F,Republican
v1853,domestic,M,Republican
v1854,domestic,F,Republican
v1855,UOCAVA,F,Democratic
v1856,domestic,M,Republican
v1857,domestic,M,Republican
v1858,domestic,F,Republican
v1859,domestic,F,Democratic
v1860,domestic,F,Democratic
v1861,domestic,M,Republican
v1862,domestic,M,Democratic
v1863,UOCAVA,F,Democratic
v1864,domestic,M,Republican
v1865,domestic,M,Democratic
v1866,domestic,M,Republican
v1867,domestic,F,Democratic
v1868,domestic,M,Democratic
v1869,domestic,M,Republican
v1870,domestic,M,Green
v1871,domestic,M,Republican
v1872,domestic,F,Green
v1873,domestic,M,Green
v1874,UOCAVA,F,Democratic
v1875,domestic,F,Democratic
v1876,domestic,M,Democratic
v1877,domestic,M,Democratic
v1878,domestic,F,Republican
v1879,domestic,M,Democratic
v1880,domestic,F,Republican
v1881,domestic,F,Democratic
v1882,domestic,M,Democratic
v1883,domestic,F,Green
v1884,domestic,F,Democratic
v1885,UOCAVA,F,Republican
v1886,domestic,F,Republican
v1887,UOCAVA,F,Republican
v1888,UOCAVA,F,Green
v1889,domestic,F,Republican
v1890,domestic,F,Republican
v1891,domestic,M,Republican
v1892,domestic,M,Democratic
v1893,domestic,M,Green
v1894,domestic,F,Green
v1895,domestic,M,Democratic
v1896,domestic,M,Democratic
v1897,domestic,M,Democratic
v1898,domestic,M,Green
v1899,domestic,F,Democratic
v1900,domestic,F,Republican
v1901,domestic,M,Democratic
v1902,domestic,M,Democratic
v1903,domestic,M,Democratic
v1904,domestic,M,Republican
v1905,domestic,F,Democratic
v1906,domestic,M,Democratic
v1907,domestic,F,Republican
v1908,domestic,F,Democratic
v1909,domestic,M,Republican
v1910,domestic,F,Democratic
v1911,UOCAVA,M,Republican
v1912,domestic,M,Democratic
v1913,domestic,M,Democratic
v1914,domestic,F,Democratic
v1915,domestic,M,Democratic
v1916,domestic,M,Democratic
v1917,domestic,M,Democratic
v1918,domestic,F,Democratic
v1919,domestic,M,Democratic
v1920,domestic,M,Democratic
v1921,domestic,M,Democratic
v1922,domestic,F,Democratic
v1923,domestic,F,Democratic
v1924,domestic,F,Republican
v1925,UOCAVA,M,Republican
v1926,domestic,F,Democratic
v1927,UOCAVA,F,Republican
v1928,domestic,M,Republican
v1929,domestic,F,Republican
v1930,domestic,M,Green
v1931,domestic,F,Democratic
v1932,domestic,F,Republican
v1933,domestic,M,Republican
v1934,domestic,F,Republican
v1935,domestic,M,Republican
v1936,domestic,F,Green
v1937,domestic,F,Green
v1938,domestic,M,Republican
v1939,domestic,F,Democratic
v1940,domestic,M,Democratic
v1941,domestic,F,Republican
v1942,domestic,F,Republican
v1943,UOCAVA,F,Democratic
v1944,domestic,M,Democratic
v1945,domestic,F,Democratic
v1946,UOCAVA,F,Democratic
v1947,domestic,M,Democratic
v1948,domestic,F,Republican
v1949,domestic,M,Republican
v1950,domestic,M,Republican
v1951,domestic,M,Democratic
v1952,domestic,M,Democratic
v1953,domestic,F,Republican
v1954,domestic,M,Republican
v1955,domestic,M,Democratic
v1956,domestic,M,Democratic
v1957,domestic,M,Democratic
v1958,domestic,F,Republican
v1959,domestic,F,Republican
v1960,domestic,M,Green
v1961,domestic,F,Democratic
v1962,domestic,F,Democratic
v1963,domestic,M,Republican
v1964,domestic,F,Democratic
v1965,domestic,M,Democratic
v1966,domestic,F,Republican
v1967,domestic,M,Green
v1968,domestic,F,Democratic
v1969,UOCAVA,F,Green
v1970,UOCAVA,M,Republican
v1971,domestic,F,Democratic
v1972,domestic,M,Republican
v1973,domestic,M,Democratic
v1974,domestic,M,Republican
v1975,domestic,M,Republican
v1976,domestic,M,Republican
v1977,domestic,F,Republican
v1978,domestic,M,Green
v1979,domestic,F,Republican
v1980,domestic,F,Democratic
v1981,UOCAVA,M,Democratic
v1982,domestic,F,Democratic
v1983,domestic,M,Democratic
v1984,domestic,M,Democratic
v1985,domestic,F,Republican
v1986,domestic,F,Republican
v1987,domestic,M,Democratic
v1988,domestic,M,Green
v1989,domestic,M,Democratic
v1990,domestic,M,Green
v1991,domestic,M,Democratic
v1992,domestic,M,Republican
v1993,domestic,M,Green
v1994,domestic,M,Democratic
v1995,domestic,M,Republican
v1996,domestic,F,Democratic
v1997,domestic,F,Democratic
v1998,UOCAVA,M,Democratic
v1999,domestic,F,Democratic
v2000,domestic,F,Republican
v2001,domestic,F,Democratic
v2002,domestic,F,Republican
v2003,domestic,M,Democratic
v2004,domestic,M,Republican
v2005,domestic,F,Republican
v2006,domestic,M,Democratic
v2007,domestic,F,Republican
v2008,domestic,M,Democratic
v2009,domestic,M,Democratic
v2010,domestic,M,Republican
v2011,domestic,M,Democratic
v2012,domestic,M,Republican
v2013,domestic,M,Republican
v2014,domestic,F,Democratic
v2015,domestic,M,Republican
v2016,domestic,F,Democratic
v2017,domestic,M,Republican
v2018,domestic,M,Democratic
v2019,UOCAVA,M,Republican
v2020,domestic,M,Green
v2021,domestic,M,Democratic
v2022,domestic,F,Green
v2023,domestic,M,Republican
v2024,domestic,M,Republican
v2025,domestic,F,Democratic
v2026,domestic,F,Republican
v2027,domestic,F,Democratic
v2028,domestic,F,Republican
v2029,domestic,M,Republican
v2030,UOCAVA,F,Democratic
v2031,UOCAVA,M,Democratic
v2032,domestic,F,Republican
v2033,domestic,M,Democratic
v2034,domestic,F,Republican
v2035,domestic,F,Democratic
v2036,domestic,M,Republican
v2037,UOCAVA,M,Republican
v2038,domestic,F,Democratic
v2039,domestic,F,Democratic
v2040,UOCAVA,M,Democratic
v2041,domestic,M,Democratic
v2042,domestic,F,Republican
v2043,domestic,F,Republican
v2044,domestic,M,Green
v2045,domestic,F,Democratic
v2046,domestic,F,Democratic
v2047,domestic,F,Republican
v2048,domestic,M,Republican
v2049,domestic,F,Republican
v2050,domestic,F,Republican
v2051,domestic,M,Green
v2052,domestic,M,Republican
v2053,domestic,F,Republican
v2054,domestic,M,Democratic
v2055,domestic,F,Democratic
v2056,domestic,M,Republican
v2057,domestic,F,Republican
v2058,UOCAVA,M,Democratic
v2059,domestic,M,Democratic
v2060,UOCAVA,M,Democratic
v2061,domestic,M,Democratic
v2062,domestic,F,Republican
v2063,domestic,M,Democratic
v2064,domestic,F,Democratic
v2065,domestic,F,Republican
v2066,domestic,M,Republican
v2067,domestic,F,Republican
v2068,domestic,F,Democratic
v2069,domestic,F,Republican
v2070,domestic,M,Democratic
v2071,domestic,M,Democratic
v2072,domestic,M,Republican
v2073,domestic,F,Republican
v2074,domestic,M,Democratic
v2075,domestic,F,Democratic
v2076,domestic,F,Green
v2077,domestic,F,Democratic
v2078,domestic,F,Democratic
v2079,domestic,M,Democratic
v2080,domestic,M,Republican
v2081,domestic,M,Republican
v2082,domestic,M,Republican
v2083,domestic,F,Democratic
v2084,domestic,F,Republican
v2085,domestic,F,Democratic
v2086,domestic,M,Republican
v2087,domestic,F,Green
v2088,domestic,F,Democratic
v2089,domestic,F,Democratic
v2090,domestic,M,Republican
v2091,domestic,F,Green
v2092,domestic,F,Republican
v2093,domestic,M,Democratic
v2094,domestic,M,Democratic
v2095,domestic,M,Democratic
v2096,domestic,F,Republican
v2097,domestic,F,Green
v2098,domestic,M,Democratic
v2099,domestic,F,Republican
v2100,domestic,F,Democratic
v2101,domestic,F,Democratic
v2102,domestic,F,Republican
v2103,domestic,F,Republican
v2104,domestic,F,Democratic
v2105,domestic,F,Republican
v2106,domestic,M,Democratic
v2107,domestic,M,Republican
v2108,UOCAVA,F,Republican
v2109,UOCAVA,F,Republican
v2110,domestic,M,Democratic
v2111,domestic,F,Green
v2112,domestic,F,Democratic
v2113,domestic,F,Green
v2114,domestic,F,Green
v2115,domestic,F,Republican
v2116,domestic,F,Republican
v2117,UOCAVA,F,Democratic
v2118,domestic,M,Republican
v2119,domestic,F,Green
v2120,domestic,F,Democratic
v2121,UOCAVA,F,Democratic
v2122,domestic,M,Democratic
v2123,domestic,F,Democratic
v2124,domestic,M,Green
v2125,domestic,M,Republican
v2126,UOCAVA,F,Democratic
v2127,domestic,F,Republican
v2128,domestic,F,Republican
v2129,UOCAVA,F,Green
v2130,UOCAVA,M,Republican
v2131,domestic,F,Democratic
v2132,domestic,M,Democratic
v2133,domestic,F,Democratic
v2134,domestic,F,Republican
v2135,domestic,M,Republican
v2136,domestic,M,Republican
v2137,domestic,M,Democratic
v2138,domestic,F,Democratic
v2139,domestic,F,Green
v2140,domestic,F,Green
v2141,domestic,F,Republican
v2142,domestic,M,Democratic
v2143,domestic,M,Democratic
v2144,domestic,M,Republican
v2145,domestic,F,Democratic
v2146,domestic,M,Republican
v2147,UOCAVA,M,Democratic
v2148,domestic,M,Green
v2149,UOCAVA,M,Democratic
v2150,domestic,M,Democratic
v2151,domestic,F,Democratic
v2152,domestic,F,Republican
v2153,domestic,M,Democratic
v2154,domestic,M,Republican
v2155,domestic,M,Republican
v2156,domestic,F,Republican
v2157,domestic,F,Republican
v2158,UOCAVA,F,Democratic
v2159,domestic,F,Democratic
v2160,UOCAVA,M,Republican
v2161,domestic,F,Republican
v2162,domestic,F,Republican
v2163,domestic,F,Democratic
v2164,domestic,F,Republican
v2165,domestic,M,Democratic
v2166,domestic,F,Democratic
v2167,domestic,F,Democratic
v2168,domestic,M,Republican
v2169,domestic,F,Republican
v2170,domestic,F,Republican
v2171,UOCAVA,F,Democratic
v2172,domestic,M,Democratic
v2173,domestic,F,Democratic
v2174,domestic,F,Green
v2175,domestic,M,Democratic
v2176,domestic,F,Democratic
v2177,domestic,M,Republican
v2178,domestic,M,Democratic
v2179,domestic,M,Republican
v2180,domestic,F,Republican
v2181,domestic,M,Democratic
v2182,domestic,F,Republican
v2183,domestic,F,Democratic
v2184,domestic,F,Democratic
v2185,domestic,M,Republican
v2186,domestic,M,Republican
v2187,domestic,F,Republican
v2188,domestic,F,Republican
v2189,domestic,F,Democratic
v2190,domestic,M,Democratic
v2191,domestic,M,Republican
v2192,domestic,M,Democratic
v2193,domestic,M,Democratic
v2194,domestic,M,Democratic
v2195,domestic,F,Republican
v2196,domestic,F,Green
v2197,domestic,M,Democratic
v2198,domestic,M,Republican
v2199,domestic,F,Republican
v2200,domestic,F,Democratic
v2201,domestic,F,Republican
v2202,domestic,M,Republican
v2203,domestic,F,Democratic
v2204,domestic,M,Democratic
v2205,domestic,F,Democratic
v2206,domestic,F,Democratic
v2207,domestic,M,Republican
v2208,domestic,M,Democratic
v2209,domestic,F,Republican
v2210,domestic,M,Democratic
v2211,domestic,F,Democratic
v2212,domestic,M,Democratic
v2213,domestic,M,Republican
v2214,domestic,M,Republican
v2215,domestic,M,Democratic
v2216,domestic,M,Republican
v2217,domestic,M,Republican
v2218,domestic,M,Republican
v2219,UOCAVA,M,Green
v2220,domestic,M,Green
v2221,domestic,F,Republican
v2222,domestic,F,Republican
v2223,domestic,M,Republican
v2224,domestic,F,Republican
v2225,domestic,M,Democratic
v2226,domestic,F,Democratic
v2227,domestic,M,Republican
v2228,UOCAVA,F,Green
v2229,UOCAVA,M,Democratic
v2230,domestic,F,Democratic
v2231,domestic,F,Republican
v2232,domestic,M,Republican
v2233,domestic,F,Green
v2234,UOCAVA,M,Democratic
v2235,domestic,F,Democratic
v2236,domestic,M,Republican
v2237,UOCAVA,M,Republican
v2238,domestic,F,Republican
v2239,domestic,F,Democratic
v2240,domestic,F,Republican
v2241,domestic,F,Republican
v2242,domestic,M,Green
v2243,UOCAVA,F,Republican
v2244,domestic,M,Democratic
v2245,domestic,F,Republican
v2246,domestic,M,Democratic
v2247,UOCAVA,F,Republican
v2248,domestic,F,Republican
v2249,domestic,M,Republican
v2250,domestic,M,Green
v2251,domestic,F,Republican
v2252,domestic,F,Democratic
v2253,domestic,M,Republican
v2254,domestic,F,Green
v2255,domestic,F,Democratic
v2256,domestic,F,Green
v2257,domestic,F,Democratic
v2258,domestic,F,Republican
v2259,domestic,F,Democratic
v2260,domestic,M,Democratic
v2261,domestic,M,Republican
v2262,UOCAVA,F,Republican
v2263,domestic,M,Democratic
v2264,domestic,F,Democratic
v2265,domestic,M,Republican
v2266,domestic,M,Democratic
v2267,domestic,M,Republican
v2268,domestic,F,Green
v2269,domestic,F,Democratic
v2270,UOCAVA,M,Green
v2271,domestic,F,Republican
v2272,domestic,M,Democratic
v2273,domestic,M,Democratic
v2274,domestic,F,Republican
v2275,UOCAVA,F,Democratic
v2276,domestic,F,Green
v2277,domestic,M,Democratic
v2278,domestic,M,Democratic
v2279,domestic,F,Democratic
v2280,domestic,M,Democratic
v2281,domestic,M,Democratic
v2282,domestic,F,Democratic
v2283,domestic,M,Democratic
v2284,domestic,F,Democratic
v2285,UOCAVA,M,Republican
v2286,domestic,F,Democratic
v2287,domestic,M,Democratic
v2288,domestic,F,Democratic
v2289,domestic,F,Democratic
v2290,domestic,F,Republican
v2291,domestic,M,Green
v2292,UOCAVA,M,Republican
v2293,domestic,M,Republican
v2294,UOCAVA,F,Republican
v2295,domestic,M,Republican
v2296,domestic,F,Democratic
v2297,domestic,M,Democratic
v2298,domestic,M,Republican
v2299,domestic,F,Republican
v2300,domestic,F,Republican
v2301,domestic,F,Republican
v2302,UOCAVA,M,Green
v2303,domestic,M,Democratic
v2304,domestic,M,Democratic
v2305,UOCAVA,M,Democratic
v2306,domestic,M,Democratic
v2307,domestic,F,Democratic
v2308,domestic,M,Republican
v2309,domestic,M,Republican
v2310,domestic,F,Republican
v2311,domestic,F,Democratic
v2312,domestic,M,Democratic
v2313,UOCAVA,F,Democratic
v2314,domestic,F,Republican
v2315,domestic,M,Republican
v2316,domestic,F,Democratic
v2317,domestic,F,Republican
v2318,domestic,F,Republican
v2319,domestic,F,Republican
v2320,domestic,M,Republican
v2321,domestic,M,Democratic
v2322,domestic,F,Republican
v2323,domestic,F,Democratic
v2324,domestic,F,Republican
v2325,UOCAVA,M,Republican
v2326,domestic,F,Republican
v2327,domestic,F,Democratic
v2328,domestic,M,Republican
v2329,domestic,F,Democratic
v2330,UOCAVA,M,Republican
v2331,domestic,M,Democratic
v2332,domestic,M,Democratic
v2333,domestic,F,Republican
v2334,domestic,M,Republican
v2335,domestic,F,Republican
v2336,domestic,M,Republican
v2337,domestic,F,Democratic
v2338,domestic,M,Democratic
v2339,domestic,F,Republican
v2340,domestic,F,Republican
v2341,domestic,F,Democratic
v2342,domestic,M,Democratic
v2343,domestic,F,Green
v2344,domestic,M,Democratic
v2345,domestic,F,Democratic
v2346,domestic,M,Republican
v2347,domestic,F,Democratic
v2348,domestic,M,Democratic
v2349,domestic,M,Republican
v2350,domestic,M,Green
v2351,domestic,M,Democratic
v2352,domestic,M,Democratic
v2353,domestic,M,Democratic
v2354,domestic,M,Republican
v2355,domestic,M,Republican
v2356,domestic,F,Democratic
v2357,domestic,M,Democratic
v2358,domestic,F,Green
v2359,domestic,F,Green
v2360,domestic,M,Democratic
v2361,domestic,F,Democratic
v2362,domestic,M,Democratic
v2363,domestic,M,Republican
v2364,domestic,M,Republican
v2365,domestic,M,Green
v2366,domestic,M,Democratic
v2367,domestic,M,Republican
v2368,domestic,M,Republican
v2369,domestic,F,Democratic
v2370,domestic,F,Republican
v2371,domestic,M,Republican
v2372,domestic,M,Republican
v2373,UOCAVA,M,Democratic
v2374,domestic,F,Republican
v2375,domestic,M,Democratic
v2376,domestic,F,Republican
v2377,domestic,M,Democratic
v2378,domestic,F,Republican
v2379,domestic,M,Republican
v2380,domestic,M,Democratic
v2381,domestic,F,Democratic
v2382,domestic,F,Democratic
v2383,domestic,M,Republican
v2384,domestic,M,Democratic
v2385,domestic,F,Republican
v2386,domestic,F,Republican
v2387,domestic,M,Democratic
v2388,domestic,F,Republican
v2389,domestic,F,Democratic
v2390,domestic,F,Republican
v2391,domestic,F,Democratic
v2392,domestic,M,Republican
v2393,UOCAVA,M,Republican
v2394,domestic,M,Republican
v2395,domestic,F,Democratic
v2396,domestic,F,Republican
v2397,domestic,M,Republican
v2398,domestic,M,Republican
v2399,domestic,M,Republican
v2400,domestic,M,Republican
v2401,domestic,M,Democratic
v2402,domestic,F,Democratic
v2403,domestic,M,Democratic
v2404,domestic,F,Democratic
v2405,domestic,M,Republican
v2406,domestic,F,Democratic
v2407,domestic,M,Republican
v2408,domestic,M,Democratic
v2409,domestic,M,Republican
v2410,domestic,F,Republican
v2411,domestic,F,Republican
v2412,domestic,M,Green
v2413,domestic,M,Democratic
v2414,domestic,M,Republican
v2415,domestic,M,Green
v2416,domestic,F,Democratic
v2417,domestic,M,Republican
v2418,domestic,M,Democratic
v2419,domestic,M,Democratic
v2420,domestic,M,Democratic
v2421,domestic,F,Democratic
v2422,domestic,M,Democratic
v2423,domestic,M,Democratic
v2424,domestic,M,Democratic
v2425,domestic,M,Republican
v2426,domestic,F,Republican
v2427,domestic,M,Democratic
v2428,domestic,F,Republican
v2429,domestic,M,Democratic
v2430,domestic,M,Democratic
v2431,UOCAVA,F,Democratic
v2432,domestic,M,Republican
v2433,domestic,F,Republican
v2434,domestic,M,Democratic
v2435,domestic,F,Republican
v2436,domestic,M,Democratic
v2437,domestic,M,Republican
v2438,domestic,M,Democratic
v2439,domestic,F,Republican
v2440,domestic,M,Democratic
v2441,domestic,M,Republican
v2442,domestic,F,Republican
v2443,domestic,F,Republican
v2444,domestic,M,Republican
v2445,domestic,M,Democratic
v2446,domestic,M,Republican
v2447,domestic,M,Republican
v2448,domestic,F,Republican
v2449,domestic,M,Republican
v2450,domestic,F,Republican
v2451,domestic,F,Republican
v2452,domestic,F,Democratic
v2453,domestic,F,Republican
v2454,domestic,M,Republican
v2455,domestic,M,Republican
v2456,UOCAVA,F,Green
v2457,domestic,F,Republican
v2458,domestic,F,Republican
v2459,domestic,F,Republican
v2460,domestic,M,Republican
v2461,domestic,M,Republican
v2462,domestic,F,Democratic
v2463,UOCAVA,M,Green
v2464,domestic,M,Republican
v2465,domestic,F,Democratic
v2466,domestic,M,Democratic
v2467,domestic,F,Democratic
v2468,domestic,M,Republican
v2469,domestic,M,Green
v2470,domestic,F,Democratic
v2471,domestic,M,Republican
v2472,domestic,M,Republican
v2473,domestic,M,Republican
v2474,domestic,M,Democratic
v2475,domestic,M,Democratic
v2476,domestic,M,Republican
v2477,domestic,M,Republican
v2478,domestic,F,Republican
v2479,domestic,M,Republican
v2480,domestic,F,Green
v2481,domestic,F,Green
v2482,domestic,M,Democratic
v2483,domestic,M,Democratic
v2484,domestic,M,Republican
v2485,domestic,M,Republican
v2486,domestic,M,Republican
v2487,domestic,F,Democratic
v2488,domestic,M,Republican
v2489,UOCAVA,M,Republican
v2490,domestic,M,Republican
v2491,domestic,F,Democratic
v2492,domestic,F,Republican
v2493,UOCAVA,F,Green
v2494,domestic,F,Republican
v2495,domestic,F,Republican
v2496,domestic,M,Democratic
v2497,domestic,F,Republican
v2498,domestic,F,Republican
v2499,domestic,M,Democratic
v2500,UOCAVA,M,Republican
