Voter,Type,Gender,Party,
v1,domestic,M,Democratic,
v2,domestic,M,Republican,
v3,domestic,M,Democratic,
v4,domestic,M,Democratic,
v5,domestic,M,Republican,
v6,domestic,F,Republican,
v7,domestic,F,Democratic,
v8,UOCAVA,M,Democratic,
v9,domestic,M,Republican,
v10,UOCAVA,M,Republican,
v11,domestic,F,Republican,
v12,domestic,F,Democratic,
v13,domestic,F,Republican,
v14,domestic,M,Democratic,
v15,domestic,F,Democratic,
v16,domestic,M,Democratic,
v17,domestic,M,Democratic,
v18,domestic,M,Republican,
v19,UOCAVA,F,Republican,
v20,UOCAVA,F,Green,
v21,domestic,F,Democratic,
v22,domestic,M,Republican,
v23,domestic,M,Republican,
v24,domestic,F,Republican,
v25,domestic,F,Republican,
v26,domestic,F,Democratic,
v27,domestic,F,Republican,
v28,domestic,F,Republican,
v29,domestic,M,Democratic,
v30,domestic,F,Republican,
v31,domestic,F,Democratic,
v32,domestic,M,Republican,
v33,domestic,F,Democratic,
v34,domestic,M,Democratic,
v35,domestic,M,Democratic,
v36,domestic,F,Green,
v37,domestic,M,Republican,
v38,domestic,F,Republican,
v39,domestic,F,Democratic,
v40,domestic,F,Republican,
v41,domestic,F,Democratic,
v42,domestic,F,Democratic,
v43,domestic,F,Republican,
v44,domestic,M,Republican,
v45,domestic,M,Republican,
v46,domestic,M,Republican,
v47,domestic,M,Republican,
v48,domestic,M,Democratic,
v49,domestic,M,Republican,
v50,domestic,M,Green,
v51,domestic,M,Republican,
v52,domestic,M,Republican,
v53,domestic,M,Democratic,
v54,domestic,M,Democratic,
v55,domestic,M,Green,
v56,domestic,F,Green,
v57,domestic,F,Republican,
v58,domestic,F,Republican,
v59,domestic,M,Green,
v60,UOCAVA,F,Democratic,
v61,domestic,M,Republican,
v62,domestic,F,Republican,
v63,UOCAVA,M,Democratic,
v64,domestic,M,Democratic,
v65,domestic,M,Republican,
v66,domestic,M,Democratic,
v67,domestic,M,Republican,
v68,UOCAVA,F,Republican,
v69,domestic,F,Republican,
v70,UOCAVA,M,Green,
v71,domestic,M,Democratic,
v72,domestic,M,Republican,
v73,UOCAVA,M,Republican,
v74,domestic,M,Democratic,
v75,domestic,F,Democratic,
v76,domestic,F,Republican,
v77,domestic,M,Republican,
v78,domestic,F,Democratic,
v79,domestic,F,Republican,
v80,domestic,F,Republican,
v81,domestic,M,Green,
v82,domestic,M,Republican,
v83,domestic,F,Democratic,
v84,domestic,F,Democratic,
v85,domestic,F,Democratic,
v86,domestic,F,Green,
v87,domestic,F,Democratic,
v88,domestic,F,Republican,
v89,domestic,F,Republican,
v90,domestic,F,Democratic,
v91,domestic,M,Democratic,
v92,domestic,F,Republican,
v93,domestic,F,Democratic,
v94,domestic,F,Republican,
v95,domestic,F,Republican,
v96,domestic,M,Republican,
v97,UOCAVA,M,Democratic,
v98,domestic,M,Democratic,
v99,domestic,F,Republican,
v100,domestic,F,Republican,
v101,UOCAVA,F,Democratic,
v102,domestic,F,Republican,
v103,domestic,F,Green,
v104,domestic,M,Democratic,
v105,domestic,F,Democratic,
v106,domestic,M,Green,
v107,domestic,M,Democratic,
v108,domestic,F,Republican,
v109,domestic,F,Democratic,
v110,domestic,M,Republican,
v111,UOCAVA,F,Democratic,
v112,UOCAVA,F,Green,
v113,UOCAVA,F,Republican,
v114,domestic,M,Democratic,
v115,domestic,F,Democratic,
v116,domestic,M,Democratic,
v117,UOCAVA,F,Republican,
v118,domestic,M,Democratic,
v119,domestic,F,Democratic,
v120,domestic,M,Republican,
v121,domestic,M,Republican,
v122,domestic,F,Democratic,
v123,domestic,F,Democratic,
v124,UOCAVA,F,Republican,
v125,domestic,M,Democratic,
v126,domestic,M,Green,
v127,domestic,F,Democratic,
v128,domestic,M,Republican,
v129,domestic,M,Democratic,
v130,domestic,F,Republican,
v131,domestic,F,Democratic,
v132,domestic,M,Democratic,
v133,domestic,F,Green,
v134,domestic,M,Republican,
v135,domestic,M,Democratic,
v136,domestic,M,Republican,
v137,domestic,F,Democratic,
v138,domestic,F,Republican,
v139,domestic,F,Democratic,
v140,domestic,M,Republican,
v141,domestic,F,Democratic,
v142,domestic,M,Republican,
v143,domestic,M,Democratic,
v144,domestic,F,Democratic,
v145,domestic,F,Democratic,
v146,domestic,M,Republican,
v147,domestic,M,Republican,
v148,UOCAVA,M,Democratic,
v149,UOCAVA,F,Republican,
v150,domestic,F,Republican,
v151,domestic,M,Democratic,
v152,domestic,F,Democratic,
v153,domestic,M,Republican,
v154,domestic,M,Republican,
v155,domestic,F,Republican,
v156,domestic,F,Democratic,
v157,domestic,M,Democratic,
v158,UOCAVA,M,Democratic,
v159,domestic,F,Republican,
v160,domestic,M,Democratic,
v161,domestic,M,Republican,
v162,domestic,M,Republican,
v163,UOCAVA,F,Republican,
v164,domestic,M,Democratic,
v165,domestic,F,Democratic,
v166,domestic,F,Democratic,
v167,domestic,M,Republican,
v168,domestic,M,Democratic,
v169,domestic,F,Democratic,
v170,domestic,M,Republican,
v171,domestic,M,Republican,
v172,domestic,F,Democratic,
v173,UOCAVA,M,Democratic,
v174,domestic,M,Republican,
v175,domestic,F,Republican,
v176,domestic,F,Democratic,
v177,domestic,M,Republican,
v178,domestic,M,Democratic,
v179,domestic,F,Democratic,
v180,domestic,F,Green,
v181,domestic,F,Republican,
v182,domestic,F,Democratic,
v183,UOCAVA,F,Democratic,
v184,domestic,M,Republican,
v185,domestic,M,Democratic,
v186,UOCAVA,M,Republican,
v187,domestic,F,Democratic,
v188,domestic,F,Green,
v189,UOCAVA,F,Democratic,
v190,UOCAVA,F,Republican,
v191,UOCAVA,F,Democratic,
v192,domestic,F,Democratic,
v193,UOCAVA,F,Green,
v194,domestic,F,Republican,
v195,UOCAVA,M,Democratic,
v196,domestic,M,Green,
v197,domestic,F,Democratic,
v198,UOCAVA,F,Democratic,
v199,domestic,M,Democratic,
v200,UOCAVA,F,Green,
v201,domestic,M,Democratic,
v202,domestic,F,Republican,
v203,domestic,M,Democratic,
v204,domestic,F,Democratic,
v205,domestic,M,Republican,
v206,UOCAVA,F,Republican,
v207,domestic,M,Democratic,
v208,domestic,F,Democratic,
v209,domestic,M,Republican,
v210,domestic,M,Democratic,
v211,domestic,F,Democratic,
v212,domestic,M,Democratic,
v213,domestic,F,Democratic,
v214,domestic,F,Republican,
v215,UOCAVA,M,Democratic,
v216,domestic,F,Democratic,
v217,UOCAVA,F,Democratic,
v218,domestic,F,Democratic,
v219,domestic,M,Democratic,
v220,domestic,M,Republican,
v221,domestic,F,Democratic,
v222,domestic,F,Republican,
v223,domestic,F,Republican,
v224,domestic,M,Republican,
v225,UOCAVA,M,Republican,
v226,domestic,F,Green,
v227,domestic,F,Republican,
v228,domestic,F,Republican,
v229,domestic,M,Democratic,
v230,domestic,F,Democratic,
v231,domestic,M,Democratic,
v232,domestic,M,Republican,
v233,domestic,F,Democratic,
v234,domestic,M,Democratic,
v235,domestic,F,Democratic,
v236,domestic,F,Democratic,
v237,domestic,F,Republican,
v238,domestic,F,Republican,
v239,UOCAVA,F,Green,
v240,domestic,F,Republican,
v241,domestic,M,Democratic,
v242,domestic,F,Democratic,
v243,domestic,F,Republican,
v244,UOCAVA,F,Green,
v245,domestic,F,Republican,
v246,domestic,M,Democratic,
v247,UOCAVA,F,Democratic,
v248,domestic,M,Democratic,
v249,UOCAVA,M,Democratic,
v250,domestic,F,Democratic,
v251,domestic,F,Democratic,
v252,domestic,M,Democratic,
v253,domestic,M,Democratic,
v254,domestic,M,Republican,
v255,domestic,M,Republican,
v256,domestic,F,Democratic,
v257,domestic,F,Democratic,
v258,domestic,M,Democratic,
v259,UOCAVA,M,Republican,
v260,domestic,F,Republican,
v261,domestic,F,Democratic,
v262,domestic,F,Democratic,
v263,domestic,F,Democratic,
v264,UOCAVA,F,Green,
v265,domestic,M,Republican,
v266,domestic,M,Democratic,
v267,UOCAVA,M,Green,
v268,domestic,F,Republican,
v269,domestic,M,Republican,
v270,domestic,M,Green,
v271,domestic,F,Democratic,
v272,domestic,M,Republican,
v273,UOCAVA,M,Republican,
v274,domestic,F,Democratic,
v275,domestic,F,Republican,
v276,domestic,M,Republican,
v277,domestic,M,Democratic,
v278,domestic,F,Democratic,
v279,domestic,F,Republican,
v280,domestic,F,Democratic,
v281,domestic,M,Democratic,
v282,domestic,F,Democratic,
v283,domestic,M,Green,
v284,domestic,F,Republican,
v285,domestic,F,Republican,
v286,domestic,M,Democratic,
v287,domestic,F,Republican,
v288,domestic,M,Green,
v289,domestic,M,Democratic,
v290,domestic,M,Republican,
v291,domestic,M,Republican,
v292,domestic,F,Green,
v293,domestic,M,Republican,
v294,domestic,F,Democratic,
v295,UOCAVA,M,Republican,
v296,domestic,M,Democratic,
v297,domestic,F,Republican,
v298,UOCAVA,F,Republican,
v299,domestic,F,Democratic,
v300,domestic,M,Republican,
v301,domestic,M,Republican,
v302,domestic,F,Green,
v303,domestic,F,Democratic,
v304,domestic,F,Republican,
v305,domestic,M,Republican,
v306,domestic,F,Green,
v307,domestic,F,Republican,
v308,UOCAVA,M,Republican,
v309,domestic,F,Republican,
v310,domestic,M,Democratic,
v311,domestic,M,Democratic,
v312,domestic,F,Republican,
v313,domestic,M,Democratic,
v314,domestic,F,Democratic,
v315,domestic,F,Democratic,
v316,domestic,F,Green,
v317,domestic,M,Green,
v318,UOCAVA,F,Republican,
v319,domestic,F,Democratic,
v320,domestic,M,Democratic,
v321,domestic,M,Green,
v322,domestic,M,Democratic,
v323,domestic,F,Green,
v324,domestic,F,Democratic,
v325,domestic,M,Republican,
v326,domestic,F,Green,
v327,domestic,M,Democratic,
v328,domestic,F,Green,
v329,domestic,F,Green,
v330,domestic,F,Green,
v331,domestic,F,Green,
v332,domestic,M,Republican,
v333,UOCAVA,F,Republican,
v334,domestic,M,Democratic,
v335,domestic,M,Democratic,
v336,domestic,F,Republican,
v337,domestic,F,Republican,
v338,domestic,M,Democratic,
v339,UOCAVA,F,Green,
v340,UOCAVA,M,Republican,
v341,domestic,F,Republican,
v342,domestic,F,Democratic,
v343,domestic,F,Democratic,
v344,domestic,F,Democratic,
v345,domestic,F,Democratic,
v346,domestic,M,Republican,
v347,domestic,M,Republican,
v348,domestic,M,Republican,
v349,domestic,M,Republican,
v350,UOCAVA,M,Democratic,
v351,domestic,M,Democratic,
v352,domestic,M,Democratic,
v353,domestic,M,Republican,
v354,domestic,F,Republican,
v355,domestic,M,Republican,
v356,domestic,F,Green,
v357,domestic,F,Democratic,
v358,domestic,M,Democratic,
v359,domestic,M,Green,
v360,domestic,M,Republican,
v361,UOCAVA,M,Republican,
v362,domestic,F,Republican,
v363,domestic,F,Democratic,
v364,domestic,F,Democratic,
v365,domestic,F,Democratic,
v366,UOCAVA,F,Republican,
v367,domestic,F,Democratic,
v368,domestic,F,Democratic,
v369,domestic,M,Democratic,
v370,domestic,F,Democratic,
v371,domestic,F,Republican,
v372,domestic,F,Democratic,
v373,domestic,M,Democratic,
v374,domestic,F,Democratic,
v375,domestic,F,Democratic,
v376,UOCAVA,F,Democratic,
v377,domestic,F,Republican,
v378,domestic,F,Republican,
v379,UOCAVA,F,Democratic,
v380,domestic,F,Democratic,
v381,domestic,F,Democratic,
v382,domestic,F,Democratic,
v383,domestic,F,Republican,
v384,domestic,M,Democratic,
v385,domestic,F,Democratic,
v386,domestic,M,Republican,
v387,UOCAVA,F,Democratic,
v388,domestic,M,Republican,
v389,domestic,M,Democratic,
v390,domestic,F,Democratic,
v391,domestic,M,Republican,
v392,domestic,M,Republican,
v393,domestic,F,Republican,
v394,domestic,F,Republican,
v395,domestic,M,Republican,
v396,domestic,F,Democratic,
v397,domestic,M,Green,
v398,domestic,M,Republican,
v399,domestic,M,Republican,
v400,domestic,F,Republican,
v401,domestic,M,Republican,
v402,domestic,F,Democratic,
v403,domestic,F,Republican,
v404,domestic,M,Democratic,
v405,UOCAVA,F,Republican,
v406,domestic,F,Green,
v407,domestic,F,Republican,
v408,domestic,F,Green,
v409,domestic,M,Republican,
v410,domestic,M,Republican,
v411,domestic,F,Republican,
v412,domestic,F,Democratic,
v413,domestic,F,Democratic,
v414,domestic,F,Republican,
v415,domestic,F,Republican,
v416,domestic,F,Democratic,
v417,domestic,F,Democratic,
v418,domestic,M,Democratic,
v419,domestic,F,Democratic,
v420,domestic,F,Republican,
v421,domestic,M,Democratic,
v422,domestic,M,Green,
v423,domestic,F,Republican,
v424,domestic,M,Republican,
v425,domestic,F,Republican,
v426,domestic,F,Republican,
v427,domestic,M,Democratic,
v428,domestic,F,Democratic,
v429,domestic,M,Democratic,
v430,domestic,F,Democratic,
v431,domestic,F,Democratic,
v432,domestic,F,Democratic,
v433,domestic,F,Republican,
v434,domestic,F,Republican,
v435,domestic,M,Republican,
v436,domestic,F,Republican,
v437,UOCAVA,M,Democratic,
v438,UOCAVA,M,Republican,
v439,domestic,M,Green,
v440,UOCAVA,F,Democratic,
v441,domestic,F,Democratic,
v442,domestic,M,Republican,
v443,domestic,M,Republican,
v444,domestic,F,Republican,
v445,domestic,M,Democratic,
v446,domestic,F,Republican,
v447,domestic,F,Democratic,
v448,domestic,F,Democratic,
v449,domestic,M,Republican,
v450,domestic,M,Republican,
v451,domestic,F,Democratic,
v452,domestic,F,Republican,
v453,domestic,M,Republican,
v454,domestic,F,Republican,
v455,domestic,F,Democratic,
v456,domestic,M,Democratic,
v457,domestic,F,Democratic,
v458,domestic,F,Republican,
v459,domestic,F,Democratic,
v460,domestic,M,Republican,
v461,UOCAVA,F,Republican,
v462,domestic,M,Republican,
v463,domestic,M,Republican,
v464,UOCAVA,F,Democratic,
v465,domestic,M,Green,
v466,domestic,M,Republican,
v467,domestic,F,Democratic,
v468,UOCAVA,F,Republican,
v469,domestic,M,Democratic,
v470,domestic,M,Green,
v471,domestic,F,Republican,
v472,domestic,F,Democratic,
v473,UOCAVA,F,Republican,
v474,domestic,M,Republican,
v475,domestic,M,Republican,
v476,domestic,F,Democratic,
v477,domestic,F,Republican,
v478,domestic,F,Republican,
v479,domestic,F,Democratic,
v480,domestic,F,Green,
v481,UOCAVA,M,Democratic,
v482,domestic,M,Democratic,
v483,domestic,F,Republican,
v484,domestic,F,Democratic,
v485,domestic,M,Democratic,
v486,UOCAVA,F,Green,
v487,domestic,M,Green,
v488,domestic,F,Democratic,
v489,domestic,M,Republican,
v490,domestic,M,Green,
v491,UOCAVA,M,Republican,
v492,domestic,M,Republican,
v493,domestic,F,Democratic,
v494,domestic,F,Democratic,
v495,domestic,M,Democratic,
v496,domestic,M,Green,
v497,domestic,M,Republican,
v498,domestic,M,Democratic,
v499,domestic,M,Republican,
v500,domestic,F,Democratic,
v501,domestic,F,Republican,
v502,domestic,F,Democratic,
v503,domestic,F,Democratic,
v504,domestic,F,Democratic,
v505,domestic,F,Democratic,
v506,domestic,M,Republican,
v507,domestic,F,Democratic,
v508,domestic,F,Democratic,
v509,domestic,M,Democratic,
v510,domestic,M,Republican,
v511,domestic,F,Republican,
v512,domestic,F,Republican,
v513,domestic,F,Democratic,
v514,domestic,F,Democratic,
v515,domestic,M,Green,
v516,domestic,M,Green,
v517,domestic,M,Democratic,
v518,domestic,F,Democratic,
v519,domestic,F,Republican,
v520,domestic,M,Green,
v521,domestic,F,Republican,
v522,domestic,M,Green,
v523,domestic,M,Democratic,
v524,domestic,M,Democratic,
v525,UOCAVA,M,Democratic,
v526,domestic,M,Green,
v527,domestic,F,Republican,
v528,domestic,M,Democratic,
v529,domestic,F,Green,
v530,domestic,F,Republican,
v531,UOCAVA,M,Democratic,
v532,domestic,F,Democratic,
v533,domestic,M,Republican,
v534,domestic,F,Democratic,
v535,domestic,F,Republican,
v536,UOCAVA,M,Democratic,
v537,domestic,F,Republican,
v538,domestic,F,Republican,
v539,domestic,F,Republican,
v540,domestic,M,Democratic,
v541,domestic,F,Republican,
v542,domestic,M,Green,
v543,domestic,F,Republican,
v544,domestic,M,Republican,
v545,domestic,F,Republican,
v546,domestic,M,Republican,
v547,domestic,F,Democratic,
v548,domestic,F,Democratic,
v549,domestic,F,Republican,
v550,domestic,M,Republican,
v551,domestic,F,Democratic,
v552,domestic,F,Republican,
v553,domestic,F,Republican,
v554,domestic,M,Democratic,
v555,domestic,M,Republican,
v556,UOCAVA,M,Republican,
v557,domestic,M,Green,
v558,domestic,F,Democratic,
v559,UOCAVA,M,Democratic,
v560,domestic,F,Democratic,
v561,domestic,F,Democratic,
v562,domestic,F,Democratic,
v563,domestic,F,Democratic,
v564,domestic,F,Democratic,
v565,domestic,F,Democratic,
v566,domestic,F,Republican,
v567,domestic,F,Democratic,
v568,domestic,M,Republican,
v569,domestic,M,Republican,
v570,domestic,F,Republican,
v571,domestic,F,Democratic,
v572,domestic,F,Republican,
v573,domestic,M,Republican,
v574,domestic,M,Democratic,
v575,domestic,F,Democratic,
v576,domestic,F,Democratic,
v577,domestic,F,Republican,
v578,domestic,F,Republican,
v579,domestic,M,Democratic,
v580,domestic,F,Green,
v581,domestic,M,Democratic,
v582,domestic,M,Republican,
v583,domestic,M,Republican,
v584,UOCAVA,M,Green,
v585,domestic,M,Republican,
v586,domestic,M,Republican,
v587,domestic,F,Democratic,
v588,domestic,F,Democratic,
v589,domestic,M,Democratic,
v590,domestic,F,Republican,
v591,domestic,F,Republican,
v592,domestic,F,Green,
v593,domestic,F,Republican,
v594,domestic,F,Republican,
v595,domestic,M,Democratic,
v596,domestic,M,Democratic,
v597,domestic,M,Green,
v598,domestic,M,Republican,
v599,domestic,F,Democratic,
v600,domestic,F,Republican,
v601,domestic,M,Democratic,
v602,UOCAVA,F,Democratic,
v603,domestic,M,Democratic,
v604,domestic,M,Democratic,
v605,domestic,M,Republican,
v606,domestic,F,Democratic,
v607,domestic,M,Democratic,
v608,domestic,M,Republican,
v609,domestic,F,Republican,
v610,domestic,F,Democratic,
v611,domestic,M,Republican,
v612,domestic,F,Green,
v613,domestic,F,Republican,
v614,domestic,F,Republican,
v615,domestic,F,Republican,
v616,domestic,M,Republican,
v617,domestic,F,Democratic,
v618,domestic,M,Democratic,
v619,UOCAVA,M,Republican,
v620,domestic,M,Democratic,
v621,domestic,F,Democratic,
v622,UOCAVA,M,Democratic,
v623,domestic,F,Republican,
v624,domestic,M,Republican,
v625,domestic,F,Republican,
v626,domestic,M,Democratic,
v627,domestic,M,Democratic,
v628,domestic,M,Democratic,
v629,domestic,M,Democratic,
v630,UOCAVA,F,Democratic,
v631,domestic,M,Democratic,
v632,domestic,M,Democratic,
v633,domestic,F,Republican,
v634,domestic,M,Democratic,
v635,domestic,F,Democratic,
v636,domestic,M,Democratic,
v637,domestic,M,Democratic,
v638,domestic,M,Green,
v639,domestic,M,Democratic,
v640,domestic,F,Democratic,
v641,domestic,M,Democratic,
v642,domestic,F,Republican,
v643,domestic,F,Republican,
v644,domestic,F,Democratic,
v645,domestic,M,Green,
v646,domestic,F,Democratic,
v647,domestic,F,Green,
v648,domestic,M,Republican,
v649,domestic,M,Democratic,
v650,UOCAVA,M,Republican,
v651,domestic,F,Democratic,
v652,domestic,M,Republican,
v653,domestic,M,Republican,
v654,domestic,F,Republican,
v655,domestic,F,Democratic,
v656,domestic,M,Republican,
v657,domestic,F,Green,
v658,domestic,M,Republican,
v659,domestic,M,Republican,
v660,domestic,M,Republican,
v661,domestic,M,Republican,
v662,domestic,F,Republican,
v663,domestic,M,Republican,
v664,domestic,F,Democratic,
v665,domestic,M,Democratic,
v666,domestic,F,Green,
v667,domestic,M,Democratic,
v668,domestic,M,Democratic,
v669,domestic,M,Democratic,
v670,domestic,M,Democratic,
v671,domestic,F,Democratic,
v672,domestic,M,Democratic,
v673,domestic,F,Democratic,
v674,domestic,M,Democratic,
v675,domestic,F,Democratic,
v676,domestic,F,Republican,
v677,domestic,F,Democratic,
v678,UOCAVA,M,Green,
v679,UOCAVA,M,Democratic,
v680,domestic,F,Republican,
v681,domestic,F,Democratic,
v682,UOCAVA,F,Democratic,
v683,domestic,M,Democratic,
v684,domestic,F,Republican,
v685,domestic,M,Republican,
v686,domestic,M,Democratic,
v687,domestic,M,Republican,
v688,domestic,F,Republican,
v689,domestic,M,Democratic,
v690,domestic,M,Democratic,
v691,domestic,F,Democratic,
v692,domestic,F,Republican,
v693,domestic,M,Republican,
v694,domestic,F,Green,
v695,domestic,F,Republican,
v696,domestic,F,Republican,
v697,domestic,F,Democratic,
v698,domestic,F,Republican,
v699,domestic,F,Republican,
v700,domestic,M,Republican,
v701,domestic,F,Republican,
v702,UOCAVA,F,Republican,
v703,domestic,M,Democratic,
v704,domestic,F,Democratic,
v705,domestic,F,Republican,
v706,domestic,M,Republican,
v707,domestic,F,Democratic,
v708,domestic,M,Green,
v709,UOCAVA,F,Republican,
v710,domestic,M,Republican,
v711,domestic,M,Democratic,
v712,domestic,F,Democratic,
v713,domestic,F,Republican,
v714,domestic,M,Republican,
v715,domestic,M,Democratic,
v716,domestic,F,Green,
v717,UOCAVA,M,Republican,
v718,domestic,M,Democratic,
v719,domestic,F,Democratic,
v720,domestic,F,Democratic,
v721,domestic,F,Democratic,
v722,domestic,F,Republican,
v723,domestic,M,Republican,
v724,domestic,M,Democratic,
v725,domestic,F,Democratic,
v726,domestic,F,Republican,
v727,UOCAVA,M,Democratic,
v728,UOCAVA,M,Democratic,
v729,domestic,M,Republican,
v730,domestic,F,Republican,
v731,domestic,F,Republican,
v732,domestic,M,Republican,
v733,domestic,F,Democratic,
v734,domestic,M,Green,
v735,domestic,F,Republican,
v736,domestic,F,Democratic,
v737,UOCAVA,M,Democratic,
v738,domestic,F,Democratic,
v739,domestic,F,Democratic,
v740,domestic,F,Republican,
v741,domestic,M,Democratic,
v742,domestic,M,Democratic,
v743,domestic,M,Democratic,
v744,domestic,F,Democratic,
v745,domestic,M,Democratic,
v746,UOCAVA,M,Democratic,
v747,domestic,F,Republican,
v748,domestic,M,Democratic,
v749,domestic,F,Democratic,
v750,domestic,M,Democratic,
v751,domestic,F,Democratic,
v752,domestic,M,Democratic,
v753,domestic,F,Democratic,
v754,domestic,F,Republican,
v755,UOCAVA,F,Republican,
v756,domestic,F,Republican,
v757,domestic,M,Green,
v758,domestic,M,Republican,
v759,domestic,M,Republican,
v760,domestic,F,Republican,
v761,UOCAVA,F,Republican,
v762,domestic,F,Republican,
v763,domestic,M,Democratic,
v764,domestic,F,Green,
v765,domestic,M,Republican,
v766,domestic,F,Democratic,
v767,domestic,F,Green,
v768,UOCAVA,M,Green,
v769,UOCAVA,F,Green,
v770,domestic,M,Democratic,
v771,domestic,M,Democratic,
v772,domestic,F,Republican,
v773,domestic,F,Green,
v774,UOCAVA,F,Republican,
v775,domestic,M,Democratic,
v776,domestic,M,Green,
v777,domestic,F,Democratic,
v778,domestic,F,Democratic,
v779,domestic,M,Green,
v780,UOCAVA,M,Democratic,
v781,domestic,M,Republican,
v782,domestic,F,Democratic,
v783,domestic,F,Democratic,
v784,domestic,M,Democratic,
v785,domestic,F,Republican,
v786,domestic,M,Green,
v787,domestic,F,Republican,
v788,domestic,F,Republican,
v789,domestic,M,Republican,
v790,domestic,F,Democratic,
v791,domestic,F,Republican,
v792,domestic,F,Democratic,
v793,domestic,M,Republican,
v794,domestic,F,Democratic,
v795,domestic,F,Republican,
v796,domestic,M,Democratic,
v797,domestic,F,Democratic,
v798,domestic,F,Republican,
v799,domestic,M,Green,
v800,domestic,F,Democratic,
v801,domestic,M,Republican,
v802,domestic,F,Democratic,
v803,domestic,F,Republican,
v804,UOCAVA,F,Republican,
v805,domestic,F,Democratic,
v806,domestic,M,Democratic,
v807,domestic,M,Republican,
v808,domestic,F,Republican,
v809,domestic,M,Republican,
v810,domestic,M,Democratic,
v811,domestic,F,Democratic,
v812,domestic,F,Republican,
v813,domestic,F,Republican,
v814,domestic,M,Democratic,
v815,domestic,F,Republican,
v816,domestic,M,Democratic,
v817,domestic,M,Republican,
v818,domestic,F,Green,
v819,domestic,M,Republican,
v820,domestic,F,Democratic,
v821,domestic,M,Democratic,
v822,UOCAVA,F,Green,
v823,domestic,F,Democratic,
v824,domestic,M,Republican,
v825,domestic,M,Democratic,
v826,domestic,M,Republican,
v827,UOCAVA,F,Green,
v828,domestic,F,Democratic,
v829,domestic,F,Democratic,
v830,domestic,M,Democratic,
v831,domestic,M,Democratic,
v832,domestic,F,Democratic,
v833,domestic,F,Green,
v834,domestic,M,Republican,
v835,domestic,M,Green,
v836,domestic,F,Democratic,
v837,domestic,F,Republican,
v838,domestic,F,Democratic,
v839,domestic,F,Republican,
v840,domestic,M,Democratic,
v841,domestic,M,Democratic,
v842,domestic,F,Republican,
v843,domestic,F,Republican,
v844,domestic,F,Democratic,
v845,domestic,M,Democratic,
v846,domestic,M,Republican,
v847,domestic,M,Republican,
v848,domestic,M,Republican,
v849,domestic,M,Republican,
v850,UOCAVA,M,Democratic,
v851,domestic,F,Democratic,
v852,domestic,M,Republican,
v853,UOCAVA,F,Republican,
v854,domestic,F,Republican,
v855,domestic,F,Republican,
v856,domestic,F,Democratic,
v857,domestic,M,Republican,
v858,domestic,M,Republican,
v859,domestic,M,Green,
v860,UOCAVA,M,Republican,
v861,domestic,M,Democratic,
v862,domestic,F,Republican,
v863,domestic,M,Democratic,
v864,domestic,F,Democratic,
v865,domestic,F,Democratic,
v866,domestic,F,Democratic,
v867,domestic,M,Democratic,
v868,domestic,M,Green,
v869,domestic,F,Democratic,
v870,domestic,M,Green,
v871,domestic,M,Democratic,
v872,domestic,M,Democratic,
v873,domestic,M,Democratic,
v874,domestic,M,Republican,
v875,domestic,F,Democratic,
v876,domestic,M,Democratic,
v877,domestic,M,Republican,
v878,domestic,M,Democratic,
v879,domestic,F,Democratic,
v880,domestic,F,Democratic,
v881,UOCAVA,F,Republican,
v882,domestic,M,Republican,
v883,domestic,F,Green,
v884,domestic,M,Republican,
v885,UOCAVA,M,Republican,
v886,domestic,F,Democratic,
v887,domestic,M,Republican,
v888,domestic,F,Democratic,
v889,domestic,M,Green,
v890,domestic,M,Republican,
v891,domestic,M,Democratic,
v892,UOCAVA,M,Republican,
v893,domestic,F,Republican,
v894,domestic,F,Democratic,
v895,UOCAVA,F,Republican,
v896,domestic,F,Republican,
v897,UOCAVA,F,Green,
v898,UOCAVA,M,Democratic,
v899,domestic,F,Democratic,
v900,domestic,F,Republican,
v901,domestic,F,Republican,
v902,domestic,F,Green,
v903,domestic,F,Democratic,
v904,domestic,M,Democratic,
v905,domestic,F,Republican,
v906,domestic,F,Democratic,
v907,domestic,M,Democratic,
v908,domestic,F,Green,
v909,domestic,M,Democratic,
v910,domestic,F,Republican,
v911,domestic,M,Democratic,
v912,domestic,F,Democratic,
v913,domestic,M,Republican,
v914,domestic,F,Democratic,
v915,domestic,F,Republican,
v916,domestic,M,Republican,
v917,domestic,M,Republican,
v918,domestic,M,Republican,
v919,domestic,M,Democratic,
v920,domestic,F,Democratic,
v921,domestic,M,Republican,
v922,domestic,M,Democratic,
v923,domestic,F,Democratic,
v924,domestic,M,Republican,
v925,domestic,F,Democratic,
v926,domestic,F,Republican,
v927,domestic,F,Democratic,
v928,domestic,F,Republican,
v929,domestic,F,Democratic,
v930,domestic,M,Democratic,
v931,domestic,M,Republican,
v932,domestic,F,Republican,
v933,domestic,M,Republican,
v934,domestic,F,Republican,
v935,domestic,M,Democratic,
v936,domestic,M,Democratic,
v937,UOCAVA,F,Republican,
v938,domestic,M,Republican,
v939,UOCAVA,M,Republican,
v940,domestic,F,Republican,
v941,UOCAVA,M,Republican,
v942,UOCAVA,M,Democratic,
v943,UOCAVA,F,Democratic,
v944,domestic,F,Republican,
v945,domestic,M,Republican,
v946,domestic,M,Democratic,
v947,UOCAVA,F,Green,
v948,domestic,M,Green,
v949,domestic,F,Republican,
v950,domestic,M,Republican,
v951,domestic,F,Republican,
v952,domestic,M,Democratic,
v953,UOCAVA,F,Republican,
v954,UOCAVA,M,Democratic,
v955,domestic,F,Democratic,
v956,domestic,F,Republican,
v957,domestic,M,Republican,
v958,domestic,M,Republican,
v959,domestic,F,Democratic,
v960,domestic,F,Republican,
v961,domestic,M,Green,
v962,domestic,M,Democratic,
v963,domestic,F,Republican,
v964,domestic,M,Democratic,
v965,domestic,M,Democratic,
v966,UOCAVA,F,Republican,
v967,UOCAVA,F,Democratic,
v968,domestic,F,Democratic,
v969,domestic,F,Democratic,
v970,domestic,M,Democratic,
v971,domestic,M,Democratic,
v972,domestic,M,Democratic,
v973,domestic,F,Republican,
v974,UOCAVA,F,Democratic,
v975,domestic,M,Democratic,
v976,domestic,F,Democratic,
v977,domestic,F,Democratic,
v978,domestic,M,Democratic,
v979,domestic,F,Republican,
v980,domestic,M,Green,
v981,domestic,M,Republican,
v982,UOCAVA,M,Republican,
v983,domestic,M,Green,
v984,domestic,M,Democratic,
v985,domestic,F,Republican,
v986,domestic,F,Republican,
v987,domestic,F,Democratic,
v988,domestic,F,Republican,
v989,domestic,M,Democratic,
v990,domestic,M,Democratic,
v991,domestic,F,Democratic,
v992,domestic,M,Republican,
v993,domestic,F,Democratic,
v994,domestic,F,Republican,
v995,domestic,F,Democratic,
v996,UOCAVA,F,Democratic,
v997,domestic,F,Democratic,
v998,domestic,F,Democratic,
v999,domestic,M,Republican,
v1000,domestic,M,Republican,
v1001,domestic,M,Democratic,
v1002,domestic,F,Democratic,
v1003,domestic,M,Democratic,
v1004,domestic,M,Republican,
v1005,domestic,F,Democratic,
v1006,domestic,M,Democratic,
v1007,UOCAVA,M,Republican,
v1008,domestic,F,Democratic,
v1009,UOCAVA,F,Republican,
v1010,domestic,F,Democratic,
v1011,domestic,F,Democratic,
v1012,domestic,F,Republican,
v1013,domestic,M,Democratic,
v1014,UOCAVA,M,Democratic,
v1015,domestic,M,Republican,
v1016,domestic,M,Democratic,
v1017,domestic,F,Republican,
v1018,UOCAVA,F,Green,
v1019,UOCAVA,F,Democratic,
v1020,domestic,F,Republican,
v1021,domestic,F,Republican,
v1022,domestic,F,Republican,
v1023,UOCAVA,F,Republican,
v1024,domestic,F,Democratic,
v1025,domestic,F,Democratic,
v1026,domestic,F,Republican,
v1027,domestic,M,Democratic,
v1028,domestic,M,Democratic,
v1029,UOCAVA,F,Democratic,
v1030,domestic,M,Democratic,
v1031,domestic,M,Republican,
v1032,domestic,M,Democratic,
v1033,domestic,F,Democratic,
v1034,domestic,F,Democratic,
v1035,domestic,M,Republican,
v1036,domestic,F,Republican,
v1037,domestic,M,Republican,
v1038,domestic,M,Democratic,
v1039,domestic,F,Republican,
v1040,domestic,M,Republican,
v1041,domestic,F,Republican,
v1042,UOCAVA,F,Republican,
v1043,UOCAVA,F,Democratic,
v1044,domestic,F,Democratic,
v1045,UOCAVA,M,Democratic,
v1046,domestic,F,Democratic,
v1047,domestic,F,Democratic,
v1048,domestic,M,Democratic,
v1049,domestic,F,Democratic,
v1050,domestic,F,Green,
v1051,domestic,F,Republican,
v1052,domestic,F,Republican,
v1053,domestic,M,Republican,
v1054,domestic,F,Democratic,
v1055,UOCAVA,F,Democratic,
v1056,UOCAVA,F,Republican,
v1057,domestic,F,Democratic,
v1058,domestic,M,Democratic,
v1059,domestic,M,Republican,
v1060,domestic,F,Green,
v1061,UOCAVA,F,Democratic,
v1062,domestic,F,Democratic,
v1063,domestic,F,Green,
v1064,domestic,F,Republican,
v1065,UOCAVA,M,Republican,
v1066,domestic,M,Republican,
v1067,UOCAVA,F,Republican,
v1068,domestic,F,Republican,
v1069,domestic,M,Republican,
v1070,domestic,M,Republican,
v1071,domestic,M,Republican,
v1072,domestic,M,Democratic,
v1073,domestic,M,Democratic,
v1074,domestic,M,Republican,
v1075,domestic,M,Republican,
v1076,domestic,F,Republican,
v1077,domestic,F,Democratic,
v1078,UOCAVA,M,Democratic,
v1079,domestic,F,Democratic,
v1080,domestic,M,Democratic,
v1081,UOCAVA,F,Democratic,
v1082,domestic,F,Republican,
v1083,domestic,F,Democratic,
v1084,domestic,F,Republican,
v1085,UOCAVA,M,Democratic,
v1086,domestic,M,Democratic,
v1087,domestic,F,Republican,
v1088,domestic,F,Republican,
v1089,UOCAVA,F,Republican,
v1090,domestic,M,Republican,
v1091,domestic,M,Republican,
v1092,domestic,F,Republican,
v1093,domestic,F,Democratic,
v1094,domestic,M,Democratic,
v1095,domestic,F,Republican,
v1096,domestic,M,Democratic,
v1097,domestic,M,Democratic,
v1098,domestic,F,Republican,
v1099,UOCAVA,F,Green,
v1100,domestic,M,Republican,
v1101,UOCAVA,M,Republican,
v1102,UOCAVA,F,Democratic,
v1103,domestic,M,Democratic,
v1104,domestic,F,Democratic,
v1105,UOCAVA,F,Republican,
v1106,domestic,F,Republican,
v1107,UOCAVA,M,Republican,
v1108,UOCAVA,M,Republican,
v1109,domestic,F,Democratic,
v1110,domestic,F,Democratic,
v1111,domestic,M,Republican,
v1112,domestic,F,Democratic,
v1113,domestic,F,Green,
v1114,domestic,M,Republican,
v1115,domestic,M,Democratic,
v1116,domestic,F,Republican,
v1117,domestic,F,Democratic,
v1118,domestic,M,Republican,
v1119,UOCAVA,F,Republican,
v1120,domestic,M,Republican,
v1121,domestic,F,Democratic,
v1122,domestic,M,Green,
v1123,domestic,F,Green,
v1124,domestic,F,Republican,
v1125,domestic,M,Republican,
v1126,domestic,F,Green,
v1127,UOCAVA,M,Republican,
v1128,domestic,M,Democratic,
v1129,domestic,F,Democratic,
v1130,domestic,M,Republican,
v1131,domestic,M,Democratic,
v1132,domestic,M,Republican,
v1133,domestic,F,Democratic,
v1134,domestic,M,Democratic,
v1135,domestic,F,Republican,
v1136,UOCAVA,M,Democratic,
v1137,domestic,M,Republican,
v1138,domestic,M,Republican,
v1139,domestic,M,Democratic,
v1140,domestic,M,Republican,
v1141,domestic,F,Democratic,
v1142,UOCAVA,M,Republican,
v1143,domestic,F,Republican,
v1144,domestic,F,Republican,
v1145,domestic,F,Democratic,
v1146,UOCAVA,M,Democratic,
v1147,domestic,M,Democratic,
v1148,domestic,M,Green,
v1149,UOCAVA,M,Democratic,
v1150,domestic,M,Democratic,
v1151,domestic,M,Democratic,
v1152,domestic,M,Republican,
v1153,domestic,M,Republican,
v1154,UOCAVA,M,Republican,
v1155,domestic,F,Republican,
v1156,domestic,F,Republican,
v1157,domestic,M,Republican,
v1158,domestic,M,Republican,
v1159,domestic,M,Green,
v1160,domestic,F,Democratic,
v1161,UOCAVA,F,Democratic,
v1162,domestic,F,Republican,
v1163,domestic,F,Republican,
v1164,domestic,M,Republican,
v1165,domestic,F,Democratic,
v1166,domestic,M,Democratic,
v1167,domestic,M,Democratic,
v1168,domestic,M,Republican,
v1169,domestic,M,Republican,
v1170,domestic,F,Republican,
v1171,domestic,F,Democratic,
v1172,UOCAVA,F,Republican,
v1173,domestic,F,Democratic,
v1174,domestic,F,Green,
v1175,domestic,F,Democratic,
v1176,domestic,M,Republican,
v1177,domestic,F,Republican,
v1178,domestic,M,Democratic,
v1179,domestic,M,Republican,
v1180,domestic,M,Republican,
v1181,domestic,M,Democratic,
v1182,domestic,M,Republican,
v1183,domestic,F,Republican,
v1184,domestic,M,Democratic,
v1185,domestic,F,Green,
v1186,domestic,M,Republican,
v1187,domestic,F,Democratic,
v1188,domestic,F,Green,
v1189,domestic,M,Republican,
v1190,domestic,F,Green,
v1191,domestic,M,Democratic,
v1192,domestic,M,Republican,
v1193,domestic,M,Republican,
v1194,domestic,F,Republican,
v1195,domestic,F,Democratic,
v1196,domestic,F,Green,
v1197,domestic,F,Democratic,
v1198,domestic,M,Green,
v1199,domestic,F,Democratic,
v1200,domestic,F,Democratic,
v1201,domestic,M,Republican,
v1202,domestic,M,Green,
v1203,domestic,F,Republican,
v1204,domestic,F,Green,
v1205,domestic,F,Green,
v1206,UOCAVA,F,Republican,
v1207,domestic,F,Democratic,
v1208,domestic,F,Democratic,
v1209,UOCAVA,M,Democratic,
v1210,domestic,F,Democratic,
v1211,domestic,F,Democratic,
v1212,domestic,M,Democratic,
v1213,domestic,F,Republican,
v1214,domestic,F,Democratic,
v1215,domestic,F,Republican,
v1216,domestic,M,Democratic,
v1217,domestic,M,Republican,
v1218,domestic,F,Republican,
v1219,domestic,M,Democratic,
v1220,domestic,F,Republican,
v1221,domestic,M,Democratic,
v1222,domestic,M,Democratic,
v1223,domestic,F,Democratic,
v1224,domestic,F,Democratic,
v1225,domestic,F,Democratic,
v1226,domestic,F,Republican,
v1227,domestic,M,Republican,
v1228,UOCAVA,F,Democratic,
v1229,UOCAVA,F,Republican,
v1230,domestic,M,Democratic,
v1231,domestic,F,Democratic,
v1232,domestic,M,Green,
v1233,domestic,M,Democratic,
v1234,domestic,M,Republican,
v1235,domestic,M,Democratic,
v1236,domestic,F,Democratic,
v1237,domestic,F,Green,
v1238,domestic,M,Democratic,
v1239,domestic,F,Democratic,
v1240,domestic,M,Democratic,
v1241,UOCAVA,M,Democratic,
v1242,domestic,M,Republican,
v1243,domestic,F,Republican,
v1244,domestic,M,Republican,
v1245,domestic,F,Green,
v1246,domestic,F,Green,
v1247,UOCAVA,M,Green,
v1248,domestic,F,Republican,
v1249,domestic,M,Republican,
v1250,domestic,F,Republican,
v1251,domestic,F,Republican,
v1252,domestic,F,Republican,
v1253,domestic,F,Republican,
v1254,domestic,F,Republican,
v1255,domestic,F,Republican,
v1256,domestic,M,Republican,
v1257,domestic,F,Democratic,
v1258,domestic,M,Democratic,
v1259,domestic,M,Republican,
v1260,UOCAVA,F,Republican,
v1261,domestic,F,Democratic,
v1262,domestic,F,Republican,
v1263,domestic,F,Democratic,
v1264,UOCAVA,F,Republican,
v1265,domestic,F,Republican,
v1266,domestic,M,Republican,
v1267,domestic,M,Democratic,
v1268,domestic,M,Republican,
v1269,domestic,F,Democratic,
v1270,domestic,M,Republican,
v1271,UOCAVA,M,Republican,
v1272,domestic,M,Republican,
v1273,domestic,F,Republican,
v1274,domestic,F,Democratic,
v1275,domestic,F,Democratic,
v1276,domestic,M,Republican,
v1277,domestic,F,Democratic,
v1278,domestic,F,Green,
v1279,domestic,M,Green,
v1280,domestic,F,Republican,
v1281,UOCAVA,M,Republican,
v1282,domestic,M,Republican,
v1283,domestic,F,Green,
v1284,UOCAVA,M,Democratic,
v1285,domestic,F,Democratic,
v1286,domestic,M,Republican,
v1287,domestic,M,Democratic,
v1288,domestic,M,Democratic,
v1289,domestic,F,Republican,
v1290,domestic,M,Republican,
v1291,domestic,M,Democratic,
v1292,domestic,F,Democratic,
v1293,domestic,M,Democratic,
v1294,domestic,M,Democratic,
v1295,domestic,F,Republican,
v1296,domestic,F,Republican,
v1297,domestic,F,Democratic,
v1298,domestic,F,Republican,
v1299,UOCAVA,F,Republican,
v1300,domestic,F,Democratic,
v1301,domestic,M,Republican,
v1302,domestic,F,Republican,
v1303,UOCAVA,F,Democratic,
v1304,domestic,F,Democratic,
v1305,domestic,F,Republican,
v1306,UOCAVA,F,Republican,
v1307,domestic,M,Democratic,
v1308,domestic,F,Republican,
v1309,domestic,M,Republican,
v1310,domestic,M,Republican,
v1311,domestic,M,Democratic,
v1312,UOCAVA,F,Republican,
v1313,domestic,M,Democratic,
v1314,domestic,F,Green,
v1315,domestic,F,Democratic,
v1316,domestic,F,Republican,
v1317,domestic,M,Democratic,
v1318,domestic,F,Green,
v1319,domestic,M,Democratic,
v1320,domestic,F,Democratic,
v1321,domestic,F,Republican,
v1322,domestic,F,Democratic,
v1323,domestic,F,Republican,
v1324,domestic,F,Democratic,
v1325,domestic,F,Republican,
v1326,domestic,F,Democratic,
v1327,domestic,M,Republican,
v1328,domestic,F,Democratic,
v1329,domestic,F,Democratic,
v1330,domestic,F,Republican,
v1331,UOCAVA,M,Republican,
v1332,domestic,F,Republican,
v1333,domestic,M,Republican,
v1334,domestic,M,Republican,
v1335,domestic,M,Democratic,
v1336,domestic,M,Republican,
v1337,domestic,M,Democratic,
v1338,domestic,F,Democratic,
v1339,domestic,F,Republican,
v1340,domestic,F,Republican,
v1341,domestic,F,Democratic,
v1342,domestic,F,Republican,
v1343,UOCAVA,M,Republican,
v1344,domestic,M,Republican,
v1345,domestic,F,Democratic,
v1346,domestic,F,Republican,
v1347,domestic,M,Republican,
v1348,domestic,M,Green,
v1349,domestic,M,Democratic,
v1350,domestic,F,Democratic,
v1351,domestic,M,Democratic,
v1352,domestic,F,Republican,
v1353,domestic,M,Republican,
v1354,domestic,M,Republican,
v1355,domestic,M,Republican,
v1356,domestic,F,Democratic,
v1357,domestic,F,Democratic,
v1358,UOCAVA,F,Democratic,
v1359,domestic,M,Republican,
v1360,domestic,F,Democratic,
v1361,domestic,F,Democratic,
v1362,UOCAVA,M,Democratic,
v1363,domestic,F,Democratic,
v1364,domestic,M,Democratic,
v1365,domestic,F,Republican,
v1366,domestic,F,Democratic,
v1367,domestic,M,Green,
v1368,domestic,F,Republican,
v1369,domestic,F,Republican,
v1370,UOCAVA,F,Green,
v1371,domestic,M,Democratic,
v1372,UOCAVA,M,Green,
v1373,domestic,M,Democratic,
v1374,domestic,M,Republican,
v1375,domestic,F,Green,
v1376,UOCAVA,M,Democratic,
v1377,domestic,M,Democratic,
v1378,domestic,F,Democratic,
v1379,UOCAVA,F,Democratic,
v1380,domestic,M,Republican,
v1381,domestic,M,Republican,
v1382,domestic,F,Democratic,
v1383,domestic,M,Democratic,
v1384,domestic,F,Democratic,
v1385,domestic,M,Democratic,
v1386,domestic,F,Green,
v1387,domestic,M,Republican,
v1388,domestic,M,Republican,
v1389,domestic,M,Republican,
v1390,domestic,M,Republican,
v1391,domestic,F,Republican,
v1392,domestic,M,Democratic,
v1393,domestic,F,Republican,
v1394,domestic,F,Republican,
v1395,UOCAVA,F,Republican,
v1396,domestic,M,Republican,
v1397,domestic,F,Republican,
v1398,domestic,M,Democratic,
v1399,domestic,M,Republican,
v1400,domestic,M,Republican,
v1401,domestic,F,Republican,
v1402,domestic,F,Green,
v1403,domestic,F,Republican,
v1404,UOCAVA,M,Green,
v1405,domestic,F,Republican,
v1406,domestic,M,Republican,
v1407,UOCAVA,M,Republican,
v1408,UOCAVA,F,Democratic,
v1409,UOCAVA,F,Democratic,
v1410,domestic,F,Democratic,
v1411,domestic,F,Republican,
v1412,UOCAVA,F,Democratic,
v1413,UOCAVA,M,Green,
v1414,domestic,M,Republican,
v1415,domestic,M,Democratic,
v1416,domestic,F,Republican,
v1417,domestic,F,Republican,
v1418,domestic,F,Republican,
v1419,UOCAVA,F,Democratic,
v1420,domestic,F,Republican,
v1421,domestic,F,Democratic,
v1422,domestic,F,Democratic,
v1423,domestic,M,Republican,
v1424,UOCAVA,M,Green,
v1425,domestic,F,Republican,
v1426,UOCAVA,M,Republican,
v1427,domestic,M,Republican,
v1428,domestic,F,Republican,
v1429,domestic,F,Democratic,
v1430,domestic,M,Republican,
v1431,domestic,F,Democratic,
v1432,domestic,F,Republican,
v1433,domestic,M,Democratic,
v1434,domestic,F,Democratic,
v1435,domestic,M,Republican,
v1436,domestic,M,Democratic,
v1437,domestic,F,Democratic,
v1438,domestic,F,Republican,
v1439,domestic,M,Democratic,
v1440,domestic,F,Democratic,
v1441,domestic,M,Green,
v1442,domestic,F,Democratic,
v1443,domestic,F,Republican,
v1444,domestic,F,Green,
v1445,UOCAVA,F,Republican,
v1446,domestic,F,Republican,
v1447,domestic,F,Republican,
v1448,domestic,M,Republican,
v1449,domestic,M,Democratic,
v1450,domestic,F,Republican,
v1451,domestic,F,Democratic,
v1452,domestic,F,Democratic,
v1453,domestic,M,Republican,
v1454,domestic,F,Republican,
v1455,domestic,F,Democratic,
v1456,domestic,M,Green,
v1457,domestic,F,Green,
v1458,UOCAVA,M,Green,
v1459,UOCAVA,M,Democratic,
v1460,domestic,M,Republican,
v1461,domestic,M,Republican,
v1462,domestic,M,Green,
v1463,domestic,M,Democratic,
v1464,domestic,F,Democratic,
v1465,UOCAVA,F,Democratic,
v1466,domestic,M,Democratic,
v1467,domestic,F,Republican,
v1468,domestic,M,Democratic,
v1469,domestic,F,Republican,
v1470,domestic,F,Republican,
v1471,domestic,F,Republican,
v1472,domestic,F,Republican,
v1473,domestic,M,Republican,
v1474,domestic,M,Democratic,
v1475,domestic,F,Democratic,
v1476,domestic,F,Republican,
v1477,UOCAVA,F,Green,
v1478,domestic,F,Republican,
v1479,domestic,F,Republican,
v1480,domestic,M,Republican,
v1481,domestic,F,Republican,
v1482,domestic,F,Democratic,
v1483,domestic,F,Republican,
v1484,domestic,F,Republican,
v1485,domestic,M,Republican,
v1486,domestic,M,Democratic,
v1487,domestic,M,Democratic,
v1488,domestic,F,Republican,
v1489,domestic,M,Republican,
v1490,UOCAVA,F,Democratic,
v1491,domestic,M,Democratic,
v1492,domestic,F,Republican,
v1493,domestic,F,Republican,
v1494,domestic,M,Republican,
v1495,domestic,M,Republican,
v1496,domestic,M,Democratic,
v1497,UOCAVA,F,Republican,
v1498,domestic,F,Republican,
v1499,UOCAVA,F,Republican,
v1500,domestic,M,Republican,
v1501,domestic,F,Green,
v1502,domestic,M,Republican,
v1503,domestic,M,Republican,
v1504,domestic,F,Republican,
v1505,domestic,F,Republican,
v1506,domestic,M,Democratic,
v1507,domestic,F,Green,
v1508,domestic,M,Democratic,
v1509,domestic,F,Republican,
v1510,domestic,F,Republican,
v1511,domestic,F,Republican,
v1512,domestic,F,Republican,
v1513,domestic,M,Democratic,
v1514,UOCAVA,M,Republican,
v1515,domestic,M,Republican,
v1516,UOCAVA,F,Democratic,
v1517,domestic,M,Democratic,
v1518,domestic,F,Green,
v1519,domestic,F,Republican,
v1520,domestic,M,Democratic,
v1521,domestic,M,Republican,
v1522,domestic,M,Republican,
v1523,domestic,F,Republican,
v1524,domestic,F,Republican,
v1525,domestic,F,Republican,
v1526,UOCAVA,F,Democratic,
v1527,UOCAVA,M,Democratic,
v1528,domestic,M,Republican,
v1529,domestic,F,Democratic,
v1530,domestic,M,Republican,
v1531,UOCAVA,F,Green,
v1532,domestic,F,Republican,
v1533,domestic,M,Republican,
v1534,domestic,F,Democratic,
v1535,domestic,F,Republican,
v1536,domestic,F,Republican,
v1537,domestic,M,Republican,
v1538,domestic,F,Democratic,
v1539,UOCAVA,F,Democratic,
v1540,domestic,F,Democratic,
v1541,domestic,M,Democratic,
v1542,domestic,M,Republican,
v1543,domestic,F,Democratic,
v1544,domestic,F,Democratic,
v1545,domestic,M,Republican,
v1546,domestic,M,Democratic,
v1547,domestic,M,Republican,
v1548,domestic,F,Green,
v1549,domestic,M,Republican,
v1550,domestic,M,Republican,
v1551,domestic,F,Democratic,
v1552,domestic,F,Democratic,
v1553,domestic,M,Republican,
v1554,domestic,F,Republican,
v1555,domestic,F,Democratic,
v1556,domestic,F,Republican,
v1557,UOCAVA,F,Republican,
v1558,domestic,F,Republican,
v1559,domestic,M,Democratic,
v1560,domestic,M,Republican,
v1561,domestic,F,Democratic,
v1562,UOCAVA,F,Democratic,
v1563,domestic,M,Republican,
v1564,domestic,F,Republican,
v1565,domestic,M,Republican,
v1566,UOCAVA,M,Democratic,
v1567,domestic,F,Republican,
v1568,domestic,F,Democratic,
v1569,domestic,F,Democratic,
v1570,UOCAVA,M,Republican,
v1571,domestic,M,Democratic,
v1572,domestic,F,Democratic,
v1573,domestic,F,Democratic,
v1574,domestic,M,Democratic,
v1575,domestic,F,Democratic,
v1576,domestic,M,Republican,
v1577,domestic,F,Republican,
v1578,domestic,M,Republican,
v1579,domestic,M,Democratic,
v1580,domestic,M,Democratic,
v1581,domestic,M,Republican,
v1582,domestic,M,Democratic,
v1583,domestic,F,Republican,
v1584,domestic,F,Republican,
v1585,domestic,M,Democratic,
v1586,domestic,F,Republican,
v1587,domestic,M,Republican,
v1588,domestic,F,Republican,
v1589,domestic,F,Republican,
v1590,domestic,F,Republican,
v1591,domestic,F,Democratic,
v1592,UOCAVA,M,Democratic,
v1593,UOCAVA,F,Green,
v1594,UOCAVA,F,Democratic,
v1595,UOCAVA,F,Democratic,
v1596,UOCAVA,F,Democratic,
v1597,domestic,F,Democratic,
v1598,domestic,M,Republican,
v1599,domestic,M,Democratic,
v1600,domestic,F,Green,
v1601,domestic,F,Democratic,
v1602,domestic,M,Republican,
v1603,UOCAVA,F,Republican,
v1604,domestic,M,Republican,
v1605,domestic,M,Republican,
v1606,domestic,M,Republican,
v1607,domestic,F,Democratic,
v1608,domestic,F,Green,
v1609,domestic,M,Republican,
v1610,domestic,F,Democratic,
v1611,domestic,F,Democratic,
v1612,domestic,M,Democratic,
v1613,domestic,F,Republican,
v1614,domestic,M,Republican,
v1615,domestic,F,Democratic,
v1616,domestic,F,Republican,
v1617,domestic,F,Republican,
v1618,domestic,F,Democratic,
v1619,domestic,F,Democratic,
v1620,domestic,F,Republican,
v1621,domestic,F,Democratic,
v1622,domestic,F,Republican,
v1623,domestic,M,Democratic,
v1624,domestic,F,Republican,
v1625,domestic,F,Democratic,
v1626,domestic,F,Democratic,
v1627,domestic,M,Democratic,
v1628,domestic,M,Democratic,
v1629,domestic,F,Republican,
v1630,domestic,F,Republican,
v1631,domestic,F,Republican,
v1632,domestic,F,Democratic,
v1633,domestic,M,Republican,
v1634,domestic,F,Democratic,
v1635,domestic,M,Green,
v1636,domestic,F,Green,
v1637,domestic,F,Republican,
v1638,domestic,M,Green,
v1639,UOCAVA,F,Republican,
v1640,domestic,M,Democratic,
v1641,domestic,F,Republican,
v1642,domestic,F,Democratic,
v1643,domestic,M,Green,
v1644,domestic,M,Green,
v1645,domestic,M,Republican,
v1646,domestic,M,Democratic,
v1647,UOCAVA,F,Republican,
v1648,domestic,M,Republican,
v1649,domestic,M,Republican,
v1650,domestic,M,Democratic,
v1651,domestic,M,Democratic,
v1652,domestic,M,Green,
v1653,UOCAVA,M,Democratic,
v1654,domestic,F,Democratic,
v1655,domestic,M,Democratic,
v1656,domestic,F,Democratic,
v1657,domestic,M,Republican,
v1658,domestic,F,Democratic,
v1659,domestic,F,Democratic,
v1660,domestic,M,Democratic,
v1661,domestic,F,Republican,
v1662,domestic,F,Democratic,
v1663,domestic,F,Democratic,
v1664,domestic,F,Republican,
v1665,domestic,F,Democratic,
v1666,domestic,F,Republican,
v1667,domestic,F,Democratic,
v1668,domestic,F,Green,
v1669,domestic,F,Republican,
v1670,domestic,F,Green,
v1671,domestic,M,Republican,
v1672,domestic,M,Republican,
v1673,domestic,F,Green,
v1674,domestic,M,Republican,
v1675,domestic,F,Democratic,
v1676,domestic,M,Republican,
v1677,domestic,F,Democratic,
v1678,UOCAVA,F,Republican,
v1679,domestic,F,Democratic,
v1680,domestic,M,Republican,
v1681,domestic,F,Republican,
v1682,domestic,M,Republican,
v1683,domestic,F,Democratic,
v1684,domestic,F,Democratic,
v1685,UOCAVA,M,Democratic,
v1686,domestic,F,Democratic,
v1687,domestic,M,Republican,
v1688,domestic,F,Democratic,
v1689,domestic,F,Democratic,
v1690,domestic,M,Green,
v1691,domestic,F,Democratic,
v1692,domestic,F,Green,
v1693,domestic,F,Republican,
v1694,domestic,F,Republican,
v1695,domestic,F,Republican,
v1696,domestic,F,Democratic,
v1697,domestic,M,Republican,
v1698,domestic,F,Republican,
v1699,domestic,M,Democratic,
v1700,domestic,F,Republican,
v1701,domestic,M,Democratic,
v1702,UOCAVA,F,Republican,
v1703,domestic,F,Republican,
v1704,domestic,M,Republican,
v1705,domestic,M,Republican,
v1706,domestic,M,Republican,
v1707,domestic,M,Republican,
v1708,domestic,M,Democratic,
v1709,UOCAVA,F,Republican,
v1710,domestic,F,Democratic,
v1711,domestic,M,Democratic,
v1712,domestic,M,Democratic,
v1713,domestic,M,Republican,
v1714,domestic,F,Democratic,
v1715,domestic,F,Republican,
v1716,domestic,F,Democratic,
v1717,domestic,M,Republican,
v1718,domestic,M,Democratic,
v1719,domestic,F,Democratic,
v1720,domestic,F,Democratic,
v1721,domestic,M,Democratic,
v1722,domestic,F,Democratic,
v1723,domestic,F,Democratic,
v1724,domestic,M,Republican,
v1725,domestic,F,Republican,
v1726,domestic,M,Democratic,
v1727,domestic,M,Republican,
v1728,domestic,M,Democratic,
v1729,domestic,M,Green,
v1730,domestic,F,Republican,
v1731,domestic,F,Democratic,
v1732,domestic,M,Democratic,
v1733,domestic,M,Republican,
v1734,domestic,F,Republican,
v1735,domestic,F,Democratic,
v1736,domestic,F,Democratic,
v1737,domestic,F,Democratic,
v1738,domestic,M,Democratic,
v1739,domestic,M,Democratic,
v1740,domestic,F,Republican,
v1741,domestic,F,Democratic,
v1742,domestic,F,Republican,
v1743,domestic,M,Republican,
v1744,domestic,M,Republican,
v1745,domestic,M,Republican,
v1746,domestic,F,Republican,
v1747,domestic,F,Republican,
v1748,domestic,F,Republican,
v1749,domestic,F,Democratic,
v1750,domestic,F,Democratic,
v1751,domestic,M,Democratic,
v1752,domestic,M,Republican,
v1753,domestic,M,Democratic,
v1754,domestic,M,Green,
v1755,domestic,F,Republican,
v1756,domestic,M,Democratic,
v1757,domestic,F,Republican,
v1758,domestic,M,Green,
v1759,domestic,M,Republican,
v1760,domestic,M,Democratic,
v1761,UOCAVA,M,Democratic,
v1762,domestic,M,Democratic,
v1763,domestic,F,Republican,
v1764,domestic,F,Democratic,
v1765,domestic,F,Democratic,
v1766,UOCAVA,M,Republican,
v1767,domestic,M,Democratic,
v1768,domestic,F,Republican,
v1769,domestic,F,Republican,
v1770,domestic,F,Democratic,
v1771,domestic,F,Green,
v1772,UOCAVA,F,Democratic,
v1773,domestic,M,Republican,
v1774,domestic,M,Republican,
v1775,domestic,F,Democratic,
v1776,domestic,F,Republican,
v1777,UOCAVA,F,Republican,
v1778,domestic,F,Democratic,
v1779,domestic,F,Democratic,
v1780,UOCAVA,M,Republican,
v1781,UOCAVA,F,Democratic,
v1782,domestic,F,Democratic,
v1783,domestic,F,Green,
v1784,domestic,F,Green,
v1785,domestic,F,Democratic,
v1786,domestic,F,Republican,
v1787,domestic,M,Republican,
v1788,UOCAVA,F,Democratic,
v1789,domestic,F,Republican,
v1790,domestic,F,Republican,
v1791,domestic,F,Republican,
v1792,domestic,M,Democratic,
v1793,domestic,F,Republican,
v1794,domestic,F,Democratic,
v1795,domestic,M,Republican,
v1796,domestic,M,Democratic,
v1797,domestic,F,Democratic,
v1798,domestic,F,Democratic,
v1799,domestic,F,Democratic,
v1800,UOCAVA,M,Republican,
v1801,UOCAVA,M,Democratic,
v1802,domestic,F,Republican,
v1803,domestic,M,Republican,
v1804,domestic,M,Democratic,
v1805,domestic,M,Democratic,
v1806,domestic,M,Democratic,
v1807,domestic,M,Democratic,
v1808,domestic,M,Green,
v1809,domestic,M,Democratic,
v1810,UOCAVA,M,Democratic,
v1811,UOCAVA,F,Republican,
v1812,domestic,M,Republican,
v1813,domestic,F,Democratic,
v1814,domestic,M,Green,
v1815,UOCAVA,M,Republican,
v1816,domestic,F,Democratic,
v1817,domestic,F,Democratic,
v1818,domestic,F,Democratic,
v1819,domestic,M,Republican,
v1820,UOCAVA,F,Democratic,
v1821,domestic,F,Green,
v1822,domestic,M,Democratic,
v1823,domestic,F,Democratic,
v1824,UOCAVA,M,Democratic,
v1825,domestic,M,Republican,
v1826,domestic,F,Democratic,
v1827,domestic,F,Democratic,
v1828,domestic,F,Democratic,
v1829,domestic,F,Republican,
v1830,domestic,F,Democratic,
v1831,domestic,F,Green,
v1832,domestic,F,Democratic,
v1833,domestic,F,Democratic,
v1834,domestic,F,Republican,
v1835,UOCAVA,F,Republican,
v1836,domestic,M,Democratic,
v1837,domestic,M,Republican,
v1838,domestic,F,Republican,
v1839,domestic,F,Democratic,
v1840,domestic,F,Democratic,
v1841,UOCAVA,F,Democratic,
v1842,domestic,M,Green,
v1843,domestic,M,Democratic,
v1844,domestic,F,Democratic,
v1845,domestic,F,Green,
v1846,domestic,F,Democratic,
v1847,domestic,M,Republican,
v1848,domestic,M,Democratic,
v1849,domestic,M,Republican,
v1850,domestic,M,Republican,
v1851,domestic,F,Republican,
v1852,domestic,F,Republican,
v1853,domestic,F,Democratic,
v1854,domestic,M,Democratic,
v1855,domestic,F,Green,
v1856,domestic,M,Democratic,
v1857,UOCAVA,M,Republican,
v1858,domestic,M,Democratic,
v1859,UOCAVA,F,Republican,
v1860,UOCAVA,M,Democratic,
v1861,domestic,M,Democratic,
v1862,domestic,F,Democratic,
v1863,domestic,M,Republican,
v1864,domestic,F,Republican,
v1865,domestic,M,Republican,
v1866,domestic,M,Green,
v1867,domestic,F,Democratic,
v1868,domestic,F,Republican,
v1869,domestic,M,Democratic,
v1870,domestic,M,Republican,
v1871,domestic,M,Republican,
v1872,domestic,F,Democratic,
v1873,domestic,F,Democratic,
v1874,UOCAVA,M,Democratic,
v1875,domestic,M,Republican,
v1876,domestic,M,Democratic,
v1877,UOCAVA,M,Republican,
v1878,domestic,F,Republican,
v1879,domestic,F,Democratic,
v1880,UOCAVA,F,Democratic,
v1881,domestic,F,Democratic,
v1882,domestic,F,Democratic,
v1883,domestic,M,Republican,
v1884,domestic,F,Republican,
v1885,domestic,M,Republican,
v1886,domestic,F,Democratic,
v1887,domestic,M,Democratic,
v1888,UOCAVA,F,Republican,
v1889,domestic,M,Republican,
v1890,domestic,M,Republican,
v1891,domestic,F,Republican,
v1892,domestic,M,Republican,
v1893,domestic,M,Democratic,
v1894,domestic,M,Democratic,
v1895,domestic,M,Democratic,
v1896,domestic,F,Democratic,
v1897,domestic,M,Republican,
v1898,UOCAVA,M,Republican,
v1899,domestic,F,Republican,
v1900,domestic,F,Republican,
v1901,domestic,F,Green,
v1902,domestic,F,Republican,
v1903,domestic,F,Green,
v1904,domestic,F,Democratic,
v1905,domestic,M,Democratic,
v1906,domestic,M,Republican,
v1907,domestic,M,Democratic,
v1908,UOCAVA,M,Democratic,
v1909,domestic,F,Republican,
v1910,domestic,F,Democratic,
v1911,domestic,M,Republican,
v1912,domestic,F,Republican,
v1913,domestic,M,Democratic,
v1914,domestic,F,Democratic,
v1915,domestic,M,Democratic,
v1916,UOCAVA,F,Republican,
v1917,domestic,F,Green,
v1918,domestic,M,Democratic,
v1919,domestic,M,Democratic,
v1920,domestic,M,Green,
v1921,domestic,F,Republican,
v1922,domestic,F,Republican,
v1923,domestic,M,Republican,
v1924,domestic,M,Republican,
v1925,domestic,M,Republican,
v1926,domestic,F,Republican,
v1927,UOCAVA,F,Democratic,
v1928,domestic,M,Republican,
v1929,domestic,M,Democratic,
v1930,domestic,F,Republican,
v1931,domestic,F,Republican,
v1932,UOCAVA,M,Democratic,
v1933,UOCAVA,M,Green,
v1934,domestic,F,Democratic,
v1935,domestic,M,Democratic,
v1936,domestic,M,Democratic,
v1937,UOCAVA,F,Republican,
v1938,domestic,M,Republican,
v1939,domestic,F,Republican,
v1940,domestic,M,Green,
v1941,domestic,M,Republican,
v1942,domestic,M,Democratic,
v1943,domestic,M,Democratic,
v1944,domestic,M,Republican,
v1945,domestic,F,Democratic,
v1946,domestic,M,Republican,
v1947,domestic,F,Republican,
v1948,domestic,M,Democratic,
v1949,UOCAVA,M,Republican,
v1950,domestic,F,Republican,
v1951,domestic,M,Democratic,
v1952,domestic,M,Democratic,
v1953,domestic,F,Democratic,
v1954,domestic,M,Democratic,
v1955,domestic,M,Republican,
v1956,domestic,M,Republican,
v1957,domestic,M,Green,
v1958,domestic,F,Republican,
v1959,domestic,F,Democratic,
v1960,domestic,F,Democratic,
v1961,domestic,F,Democratic,
v1962,domestic,M,Republican,
v1963,domestic,M,Republican,
v1964,domestic,M,Democratic,
v1965,domestic,F,Republican,
v1966,domestic,M,Republican,
v1967,domestic,F,Republican,
v1968,domestic,M,Green,
v1969,domestic,F,Republican,
v1970,domestic,F,Green,
v1971,domestic,F,Democratic,
v1972,domestic,F,Democratic,
v1973,domestic,F,Republican,
v1974,domestic,F,Green,
v1975,domestic,F,Democratic,
v1976,UOCAVA,M,Republican,
v1977,domestic,F,Green,
v1978,domestic,F,Democratic,
v1979,domestic,F,Republican,
v1980,domestic,M,Republican,
v1981,domestic,F,Republican,
v1982,domestic,M,Democratic,
v1983,domestic,M,Republican,
v1984,UOCAVA,F,Republican,
v1985,domestic,F,Green,
v1986,domestic,M,Democratic,
v1987,domestic,F,Republican,
v1988,domestic,F,Democratic,
v1989,domestic,F,Republican,
v1990,domestic,F,Republican,
v1991,domestic,M,Republican,
v1992,domestic,M,Republican,
v1993,domestic,F,Democratic,
v1994,domestic,F,Green,
v1995,domestic,F,Republican,
v1996,domestic,F,Republican,
v1997,UOCAVA,F,Republican,
v1998,domestic,F,Republican,
v1999,domestic,F,Democratic,
v2000,domestic,F,Republican,
v2001,domestic,M,Green,
v2002,domestic,F,Republican,
v2003,domestic,M,Republican,
v2004,domestic,F,Democratic,
v2005,domestic,F,Republican,
v2006,domestic,F,Green,
v2007,domestic,M,Democratic,
v2008,domestic,M,Republican,
v2009,domestic,M,Republican,
v2010,domestic,F,Green,
v2011,domestic,F,Republican,
v2012,domestic,F,Republican,
v2013,UOCAVA,F,Republican,
v2014,domestic,F,Republican,
v2015,domestic,F,Republican,
v2016,domestic,M,Democratic,
v2017,UOCAVA,M,Republican,
v2018,UOCAVA,F,Democratic,
v2019,domestic,M,Republican,
v2020,UOCAVA,M,Democratic,
v2021,domestic,F,Republican,
v2022,domestic,F,Republican,
v2023,domestic,F,Democratic,
v2024,domestic,F,Democratic,
v2025,domestic,F,Republican,
v2026,domestic,F,Republican,
v2027,domestic,M,Republican,
v2028,domestic,M,Democratic,
v2029,domestic,F,Republican,
v2030,domestic,M,Democratic,
v2031,domestic,F,Republican,
v2032,domestic,F,Republican,
v2033,UOCAVA,M,Republican,
v2034,domestic,M,Green,
v2035,domestic,F,Democratic,
v2036,domestic,M,Republican,
v2037,domestic,F,Republican,
v2038,UOCAVA,M,Democratic,
v2039,domestic,F,Green,
v2040,domestic,F,Democratic,
v2041,domestic,F,Democratic,
v2042,domestic,M,Democratic,
v2043,domestic,F,Republican,
v2044,domestic,M,Republican,
v2045,domestic,M,Democratic,
v2046,domestic,F,Republican,
v2047,domestic,F,Democratic,
v2048,domestic,M,Democratic,
v2049,UOCAVA,F,Republican,
v2050,domestic,F,Democratic,
v2051,domestic,F,Republican,
v2052,UOCAVA,M,Republican,
v2053,domestic,F,Republican,
v2054,domestic,F,Republican,
v2055,domestic,M,Democratic,
v2056,domestic,M,Republican,
v2057,domestic,M,Democratic,
v2058,domestic,F,Democratic,
v2059,domestic,F,Democratic,
v2060,domestic,M,Republican,
v2061,domestic,M,Green,
v2062,domestic,M,Democratic,
v2063,domestic,M,Democratic,
v2064,domestic,F,Republican,
v2065,domestic,M,Republican,
v2066,domestic,F,Democratic,
v2067,domestic,F,Republican,
v2068,UOCAVA,M,Republican,
v2069,domestic,M,Democratic,
v2070,domestic,M,Republican,
v2071,domestic,M,Green,
v2072,domestic,M,Republican,
v2073,UOCAVA,M,Democratic,
v2074,domestic,F,Democratic,
v2075,domestic,M,Democratic,
v2076,domestic,M,Republican,
v2077,domestic,F,Republican,
v2078,UOCAVA,M,Republican,
v2079,domestic,M,Democratic,
v2080,domestic,M,Democratic,
v2081,domestic,F,Democratic,
v2082,domestic,F,Green,
v2083,domestic,F,Republican,
v2084,domestic,F,Democratic,
v2085,UOCAVA,M,Democratic,
v2086,domestic,F,Republican,
v2087,domestic,M,Republican,
v2088,domestic,F,Republican,
v2089,domestic,F,Democratic,
v2090,UOCAVA,F,Republican,
v2091,domestic,F,Democratic,
v2092,UOCAVA,M,Republican,
v2093,domestic,F,Democratic,
v2094,domestic,F,Green,
v2095,domestic,M,Republican,
v2096,domestic,M,Democratic,
v2097,domestic,F,Republican,
v2098,domestic,F,Republican,
v2099,UOCAVA,F,Democratic,
v2100,domestic,M,Republican,
v2101,domestic,F,Democratic,
v2102,domestic,M,Democratic,
v2103,UOCAVA,M,Green,
v2104,domestic,M,Green,
v2105,domestic,F,Democratic,
v2106,domestic,F,Republican,
v2107,domestic,F,Democratic,
v2108,domestic,F,Green,
v2109,domestic,F,Democratic,
v2110,domestic,M,Democratic,
v2111,domestic,F,Republican,
v2112,domestic,F,Republican,
v2113,domestic,M,Republican,
v2114,domestic,F,Democratic,
v2115,UOCAVA,F,Democratic,
v2116,domestic,M,Green,
v2117,domestic,M,Democratic,
v2118,domestic,M,Republican,
v2119,domestic,M,Green,
v2120,domestic,F,Democratic,
v2121,domestic,F,Democratic,
v2122,domestic,F,Democratic,
v2123,domestic,M,Democratic,
v2124,domestic,M,Republican,
v2125,domestic,F,Democratic,
v2126,domestic,M,Democratic,
v2127,domestic,M,Democratic,
v2128,domestic,F,Democratic,
v2129,domestic,M,Republican,
v2130,domestic,M,Green,
v2131,domestic,M,Democratic,
v2132,domestic,F,Republican,
v2133,domestic,F,Democratic,
v2134,domestic,M,Republican,
v2135,domestic,M,Democratic,
v2136,domestic,M,Democratic,
v2137,UOCAVA,M,Democratic,
v2138,domestic,M,Republican,
v2139,domestic,F,Republican,
v2140,domestic,F,Democratic,
v2141,domestic,F,Democratic,
v2142,domestic,M,Democratic,
v2143,domestic,M,Democratic,
v2144,domestic,M,Democratic,
v2145,domestic,M,Democratic,
v2146,domestic,F,Democratic,
v2147,domestic,F,Green,
v2148,domestic,F,Republican,
v2149,domestic,M,Democratic,
v2150,domestic,F,Democratic,
v2151,UOCAVA,F,Democratic,
v2152,domestic,M,Democratic,
v2153,domestic,M,Republican,
v2154,domestic,M,Republican,
v2155,UOCAVA,M,Democratic,
v2156,domestic,M,Republican,
v2157,domestic,F,Green,
v2158,domestic,F,Democratic,
v2159,domestic,F,Democratic,
v2160,domestic,F,Democratic,
v2161,domestic,M,Green,
v2162,domestic,M,Democratic,
v2163,domestic,M,Democratic,
v2164,domestic,F,Republican,
v2165,domestic,F,Democratic,
v2166,domestic,F,Republican,
v2167,UOCAVA,M,Republican,
v2168,domestic,F,Republican,
v2169,domestic,M,Democratic,
v2170,domestic,M,Democratic,
v2171,UOCAVA,M,Democratic,
v2172,domestic,F,Republican,
v2173,domestic,M,Democratic,
v2174,domestic,F,Republican,
v2175,domestic,F,Democratic,
v2176,domestic,F,Democratic,
v2177,domestic,M,Republican,
v2178,domestic,M,Republican,
v2179,domestic,F,Republican,
v2180,domestic,M,Republican,
v2181,domestic,M,Republican,
v2182,domestic,M,Republican,
v2183,UOCAVA,F,Republican,
v2184,domestic,M,Republican,
v2185,domestic,M,Republican,
v2186,domestic,F,Democratic,
v2187,domestic,F,Democratic,
v2188,domestic,F,Republican,
v2189,domestic,F,Democratic,
v2190,domestic,M,Republican,
v2191,domestic,M,Republican,
v2192,domestic,F,Republican,
v2193,UOCAVA,F,Republican,
v2194,domestic,F,Democratic,
v2195,domestic,F,Republican,
v2196,domestic,M,Republican,
v2197,domestic,M,Republican,
v2198,domestic,M,Green,
v2199,domestic,F,Democratic,
v2200,UOCAVA,F,Republican,
v2201,domestic,M,Republican,
v2202,domestic,M,Green,
v2203,domestic,M,Republican,
v2204,domestic,F,Democratic,
v2205,domestic,M,Republican,
v2206,domestic,F,Green,
v2207,domestic,F,Republican,
v2208,UOCAVA,F,Republican,
v2209,domestic,M,Republican,
v2210,domestic,M,Democratic,
v2211,domestic,F,Republican,
v2212,UOCAVA,M,Republican,
v2213,domestic,M,Republican,
v2214,domestic,F,Green,
v2215,domestic,F,Republican,
v2216,domestic,F,Green,
v2217,UOCAVA,M,Republican,
v2218,domestic,M,Democratic,
v2219,domestic,F,Green,
v2220,domestic,M,Republican,
v2221,domestic,M,Democratic,
v2222,domestic,F,Democratic,
v2223,domestic,F,Republican,
v2224,domestic,M,Republican,
v2225,domestic,F,Republican,
v2226,domestic,M,Democratic,
v2227,UOCAVA,F,Democratic,
v2228,domestic,M,Democratic,
v2229,domestic,F,Democratic,
v2230,domestic,M,Democratic,
v2231,domestic,F,Democratic,
v2232,domestic,F,Democratic,
v2233,domestic,F,Republican,
v2234,domestic,M,Republican,
v2235,domestic,F,Green,
v2236,domestic,F,Democratic,
v2237,domestic,F,Democratic,
v2238,domestic,F,Democratic,
v2239,domestic,M,Green,
v2240,domestic,F,Democratic,
v2241,domestic,M,Republican,
v2242,domestic,F,Republican,
v2243,domestic,M,Democratic,
v2244,domestic,M,Republican,
v2245,domestic,M,Republican,
v2246,domestic,F,Republican,
v2247,domestic,M,Republican,
v2248,domestic,F,Democratic,
v2249,domestic,M,Republican,
v2250,domestic,F,Democratic,
v2251,domestic,M,Democratic,
v2252,UOCAVA,M,Republican,
v2253,domestic,M,Republican,
v2254,domestic,F,Democratic,
v2255,domestic,M,Green,
v2256,domestic,M,Republican,
v2257,domestic,M,Republican,
v2258,domestic,M,Republican,
v2259,domestic,F,Republican,
v2260,domestic,F,Republican,
v2261,domestic,M,Republican,
v2262,domestic,M,Republican,
v2263,domestic,M,Republican,
v2264,UOCAVA,M,Republican,
v2265,domestic,M,Republican,
v2266,domestic,F,Democratic,
v2267,domestic,M,Democratic,
v2268,domestic,F,Democratic,
v2269,domestic,M,Democratic,
v2270,domestic,F,Republican,
v2271,domestic,M,Republican,
v2272,domestic,M,Green,
v2273,domestic,M,Republican,
v2274,domestic,M,Democratic,
v2275,domestic,F,Democratic,
v2276,UOCAVA,F,Democratic,
v2277,domestic,M,Republican,
v2278,domestic,M,Republican,
v2279,domestic,M,Democratic,
v2280,domestic,F,Democratic,
v2281,domestic,M,Democratic,
v2282,domestic,M,Republican,
v2283,domestic,F,Democratic,
v2284,domestic,M,Democratic,
v2285,domestic,M,Republican,
v2286,domestic,M,Republican,
v2287,domestic,M,Republican,
v2288,UOCAVA,M,Republican,
v2289,UOCAVA,F,Democratic,
v2290,domestic,F,Democratic,
v2291,domestic,F,Democratic,
v2292,domestic,F,Republican,
v2293,domestic,F,Republican,
v2294,domestic,F,Democratic,
v2295,domestic,F,Democratic,
v2296,domestic,F,Republican,
v2297,domestic,F,Republican,
v2298,domestic,M,Republican,
v2299,domestic,M,Republican,
v2300,domestic,F,Republican,
v2301,domestic,M,Green,
v2302,domestic,M,Republican,
v2303,domestic,M,Democratic,
v2304,domestic,F,Democratic,
v2305,domestic,M,Democratic,
v2306,domestic,M,Democratic,
v2307,domestic,F,Democratic,
v2308,domestic,M,Green,
v2309,domestic,F,Democratic,
v2310,domestic,M,Democratic,
v2311,domestic,M,Republican,
v2312,UOCAVA,M,Democratic,
v2313,domestic,F,Democratic,
v2314,domestic,M,Republican,
v2315,domestic,M,Republican,
v2316,domestic,M,Democratic,
v2317,domestic,F,Republican,
v2318,UOCAVA,F,Democratic,
v2319,domestic,F,Republican,
v2320,domestic,M,Democratic,
v2321,domestic,M,Democratic,
v2322,UOCAVA,F,Democratic,
v2323,domestic,F,Green,
v2324,domestic,M,Democratic,
v2325,domestic,M,Democratic,
v2326,domestic,M,Democratic,
v2327,UOCAVA,F,Republican,
v2328,domestic,F,Republican,
v2329,domestic,F,Republican,
v2330,domestic,M,Democratic,
v2331,domestic,F,Republican,
v2332,domestic,M,Democratic,
v2333,domestic,M,Republican,
v2334,domestic,M,Republican,
v2335,domestic,F,Green,
v2336,domestic,M,Republican,
v2337,domestic,F,Democratic,
v2338,domestic,M,Republican,
v2339,domestic,F,Republican,
v2340,domestic,F,Republican,
v2341,domestic,M,Democratic,
v2342,domestic,F,Green,
v2343,domestic,F,Republican,
v2344,domestic,F,Republican,
v2345,UOCAVA,M,Republican,
v2346,UOCAVA,F,Green,
v2347,domestic,M,Republican,
v2348,domestic,M,Republican,
v2349,UOCAVA,F,Democratic,
v2350,UOCAVA,F,Democratic,
v2351,UOCAVA,F,Democratic,
v2352,domestic,M,Republican,
v2353,domestic,F,Democratic,
v2354,domestic,F,Republican,
v2355,domestic,M,Republican,
v2356,domestic,F,Democratic,
v2357,domestic,F,Democratic,
v2358,domestic,F,Republican,
v2359,domestic,F,Democratic,
v2360,domestic,M,Democratic,
v2361,domestic,M,Democratic,
v2362,domestic,F,Democratic,
v2363,domestic,F,Democratic,
v2364,domestic,M,Green,
v2365,domestic,F,Republican,
v2366,domestic,M,Republican,
v2367,domestic,F,Democratic,
v2368,domestic,M,Democratic,
v2369,domestic,F,Democratic,
v2370,domestic,F,Republican,
v2371,domestic,F,Democratic,
v2372,domestic,F,Democratic,
v2373,domestic,M,Republican,
v2374,domestic,F,Democratic,
v2375,domestic,M,Democratic,
v2376,domestic,M,Republican,
v2377,domestic,F,Democratic,
v2378,domestic,F,Republican,
v2379,domestic,M,Republican,
v2380,domestic,F,Democratic,
v2381,domestic,F,Republican,
v2382,domestic,F,Democratic,
v2383,domestic,F,Republican,
v2384,UOCAVA,M,Republican,
v2385,domestic,F,Republican,
v2386,domestic,F,Democratic,
v2387,domestic,M,Democratic,
v2388,domestic,M,Democratic,
v2389,domestic,M,Democratic,
v2390,domestic,F,Republican,
v2391,domestic,M,Democratic,
v2392,domestic,M,Democratic,
v2393,UOCAVA,F,Republican,
v2394,domestic,F,Democratic,
v2395,domestic,F,Republican,
v2396,domestic,M,Green,
v2397,UOCAVA,F,Republican,
v2398,domestic,M,Republican,
v2399,domestic,F,Democratic,
v2400,domestic,M,Democratic,
v2401,domestic,F,Democratic,
v2402,domestic,F,Democratic,
v2403,domestic,F,Democratic,
v2404,domestic,F,Republican,
v2405,UOCAVA,F,Republican,
v2406,UOCAVA,F,Democratic,
v2407,domestic,F,Green,
v2408,UOCAVA,M,Republican,
v2409,domestic,M,Republican,
v2410,domestic,F,Republican,
v2411,domestic,M,Green,
v2412,domestic,F,Democratic,
v2413,domestic,M,Republican,
v2414,domestic,F,Republican,
v2415,domestic,M,Democratic,
v2416,domestic,F,Democratic,
v2417,UOCAVA,F,Republican,
v2418,domestic,M,Republican,
v2419,domestic,F,Green,
v2420,domestic,F,Democratic,
v2421,domestic,M,Democratic,
v2422,domestic,M,Republican,
v2423,domestic,M,Green,
v2424,domestic,M,Democratic,
v2425,domestic,M,Republican,
v2426,domestic,M,Republican,
v2427,UOCAVA,M,Democratic,
v2428,domestic,F,Republican,
v2429,domestic,F,Democratic,
v2430,domestic,F,Republican,
v2431,domestic,F,Republican,
v2432,domestic,M,Democratic,
v2433,domestic,F,Green,
v2434,domestic,M,Democratic,
v2435,UOCAVA,F,Democratic,
v2436,domestic,F,Green,
v2437,domestic,F,Democratic,
v2438,domestic,M,Democratic,
v2439,domestic,F,Green,
v2440,domestic,M,Democratic,
v2441,domestic,M,Democratic,
v2442,domestic,M,Republican,
v2443,domestic,F,Republican,
v2444,domestic,F,Republican,
v2445,domestic,F,Republican,
v2446,domestic,M,Democratic,
v2447,domestic,F,Republican,
v2448,domestic,M,Democratic,
v2449,UOCAVA,M,Republican,
v2450,domestic,M,Republican,
v2451,domestic,M,Republican,
v2452,domestic,F,Republican,
v2453,domestic,F,Democratic,
v2454,UOCAVA,F,Democratic,
v2455,domestic,M,Democratic,
v2456,domestic,F,Democratic,
v2457,domestic,M,Republican,
v2458,domestic,F,Democratic,
v2459,domestic,M,Democratic,
v2460,domestic,M,Democratic,
v2461,domestic,M,Democratic,
v2462,domestic,F,Republican,
v2463,domestic,M,Republican,
v2464,domestic,F,Green,
v2465,domestic,F,Democratic,
v2466,domestic,F,Democratic,
v2467,domestic,M,Green,
v2468,domestic,F,Republican,
v2469,domestic,M,Republican,
v2470,domestic,F,Republican,
v2471,domestic,F,Democratic,
v2472,domestic,M,Republican,
v2473,domestic,M,Democratic,
v2474,domestic,M,Democratic,
v2475,domestic,F,Democratic,
v2476,UOCAVA,F,Democratic,
v2477,UOCAVA,F,Democratic,
v2478,domestic,M,Democratic,
v2479,domestic,M,Democratic,
v2480,domestic,F,Republican,
v2481,domestic,F,Republican,
v2482,domestic,M,Democratic,
v2483,domestic,F,Democratic,
v2484,domestic,F,Republican,
v2485,UOCAVA,M,Republican,
v2486,UOCAVA,M,Republican,
v2487,domestic,M,Republican,
v2488,domestic,M,Green,
v2489,domestic,F,Democratic,
v2490,domestic,M,Democratic,
v2491,domestic,M,Green,
v2492,domestic,F,Republican,
v2493,domestic,F,Democratic,
v2494,domestic,M,Democratic,
v2495,domestic,F,Republican,
v2496,domestic,M,Democratic,
v2497,domestic,M,Democratic,
v2498,UOCAVA,F,Democratic,
v2499,domestic,F,Republican,
v2500,domestic,M,Democratic,
